feature_group,feature_name,baseline_bce,ablated_bce,delta_bce,baseline_auc,ablated_auc,delta_auc,baseline_accuracy,ablated_accuracy,delta_accuracy,baseline_brier,ablated_brier,delta_brier
task_categorical,bench_task_type,0.35822705592936455,0.7615536399604459,0.40332658403108135,0.8951862030911364,0.7608497817681379,-0.1343364213229985,0.8350570613409415,0.7979671897289586,-0.03708987161198285,0.1133844256401062,0.17940959334373474,0.06602516770362854
task_categorical,bench_domain,0.35822705592936455,0.5417621678499787,0.1835351119206141,0.8951862030911364,0.8417120316031313,-0.05347417148800504,0.8350570613409415,0.7847717546362339,-0.050285306704707544,0.1133844256401062,0.16105879843235016,0.04767437279224396
task_boolean,bench_requires_reasoning,0.35822705592936455,0.3856421305554369,0.027415074626072344,0.8951862030911364,0.8894735171586481,-0.005712685932488304,0.8350570613409415,0.8168687589158345,-0.01818830242510694,0.1133844256401062,0.12484053522348404,0.011456109583377838
task_boolean,bench_requires_code,0.35822705592936455,0.38230919130321495,0.0240821353738504,0.8951862030911364,0.8865067357673191,-0.008679467323817303,0.8350570613409415,0.8281027104136948,-0.006954350927246722,0.1133844256401062,0.11973080784082413,0.006346382200717926
task_boolean,bench_requires_web,0.35822705592936455,0.362252772887316,0.004025716957951453,0.8951862030911364,0.8927283987893279,-0.0024578043018085305,0.8350570613409415,0.8325606276747504,-0.0024964336661911224,0.1133844256401062,0.11501874029636383,0.0016343146562576294
agent_categorical,model_family,0.35822705592936455,0.35986928368861526,0.001642227759250714,0.8951862030911364,0.8949666283889419,-0.0002195747021944694,0.8350570613409415,0.8343437945791726,-0.0007132667617688604,0.1133844256401062,0.1134413331747055,5.69075345993042e-05
agent_boolean,scaffold_web_search,0.35822705592936455,0.3582956121792342,6.85562498696779e-05,0.8951862030911364,0.8951404651435334,-4.573794760298622e-05,0.8350570613409415,0.8352353780313837,0.0001783166904422151,0.1133844256401062,0.11339043080806732,6.0051679611206055e-06
agent_boolean,affordance_web_search,0.35822705592936455,0.3582889877055319,6.193177616736767e-05,0.8951862030911364,0.8951486035683738,-3.759952276261025e-05,0.8350570613409415,0.8352353780313837,0.0001783166904422151,0.1133844256401062,0.11338858306407928,4.157423973083496e-06
agent_boolean,scaffold_http_requests,0.35822705592936455,0.3582804714966127,5.341556724813845e-05,0.8951862030911364,0.8951686240934812,-1.757899765519877e-05,0.8350570613409415,0.8352353780313837,0.0001783166904422151,0.1133844256401062,0.1133837103843689,-7.152557373046875e-07
agent_boolean,affordance_benchmark_api_tools,0.35822705592936455,0.35827881249727594,5.175656791139849e-05,0.8951862030911364,0.8951674847140036,-1.8718377132742603e-05,0.8350570613409415,0.8352353780313837,0.0001783166904422151,0.1133844256401062,0.1133834719657898,-9.5367431640625e-07
agent_boolean,affordance_native_domain_tools,0.35822705592936455,0.3582696692475012,4.261331813665281e-05,0.8951862030911364,0.8950852866231153,-0.0001009164680211283,0.8350570613409415,0.8355920114122682,0.0005349500713267563,0.1133844256401062,0.11337702721357346,-7.398426532745361e-06
agent_boolean,scaffold_vision_query,0.35822705592936455,0.3582673228699435,4.0266940578959076e-05,0.8951862030911364,0.8951630899645896,-2.3113126546792095e-05,0.8350570613409415,0.8352353780313837,0.0001783166904422151,0.1133844256401062,0.11338566988706589,1.2442469596862793e-06
agent_boolean,affordance_vision,0.35822705592936455,0.3582655207783959,3.846484903136105e-05,0.8951862030911364,0.8951686240934813,-1.7578997655087747e-05,0.8350570613409415,0.8352353780313837,0.0001783166904422151,0.1133844256401062,0.11338518559932709,7.599592208862305e-07
agent_boolean,affordance_retrieval_context,0.35822705592936455,0.3582421734641495,1.5117534784947484e-05,0.8951862030911364,0.8951702517784492,-1.5951312687167984e-05,0.8350570613409415,0.8350570613409415,0.0,0.1133844256401062,0.11338473111391068,3.0547380447387695e-07
agent_categorical,model_size_tier,0.35822705592936455,0.35822705592936455,0.0,0.8951862030911364,0.8951862030911364,0.0,0.8350570613409415,0.8350570613409415,0.0,0.1133844256401062,0.1133844256401062,0.0
agent_categorical,scaffold_context_strategy,0.35822705592936455,0.35822705592936455,0.0,0.8951862030911364,0.8951862030911364,0.0,0.8350570613409415,0.8350570613409415,0.0,0.1133844256401062,0.1133844256401062,0.0
agent_continuous,model_release_ym,0.35822705592936455,0.35822705592936455,0.0,0.8951862030911364,0.8951862030911364,0.0,0.8350570613409415,0.8350570613409415,0.0,0.1133844256401062,0.1133844256401062,0.0
agent_continuous,model_param_count_full_b,0.35822705592936455,0.35822705592936455,0.0,0.8951862030911364,0.8951862030911364,0.0,0.8350570613409415,0.8350570613409415,0.0,0.1133844256401062,0.1133844256401062,0.0
agent_continuous,model_param_count_active_b,0.35822705592936455,0.35822705592936455,0.0,0.8951862030911364,0.8951862030911364,0.0,0.8350570613409415,0.8350570613409415,0.0,0.1133844256401062,0.1133844256401062,0.0
agent_continuous,scaffold_max_steps,0.35822705592936455,0.35822705592936455,0.0,0.8951862030911364,0.8951862030911364,0.0,0.8350570613409415,0.8350570613409415,0.0,0.1133844256401062,0.1133844256401062,0.0
agent_continuous,scaffold_tool_exposure_strength,0.35822705592936455,0.35822705592936455,0.0,0.8951862030911364,0.8951862030911364,0.0,0.8350570613409415,0.8350570613409415,0.0,0.1133844256401062,0.1133844256401062,0.0
agent_boolean,model_reasoning,0.35822705592936455,0.35822705592936455,0.0,0.8951862030911364,0.8951862030911364,0.0,0.8350570613409415,0.8350570613409415,0.0,0.1133844256401062,0.1133844256401062,0.0
agent_boolean,model_moe,0.35822705592936455,0.35822705592936455,0.0,0.8951862030911364,0.8951862030911364,0.0,0.8350570613409415,0.8350570613409415,0.0,0.1133844256401062,0.1133844256401062,0.0
agent_boolean,scaffold_wiki_search,0.35822705592936455,0.35822705592936455,0.0,0.8951862030911364,0.8951862030911364,0.0,0.8350570613409415,0.8350570613409415,0.0,0.1133844256401062,0.1133844256401062,0.0
agent_boolean,scaffold_text_inspect,0.35822705592936455,0.35822705592936455,0.0,0.8951862030911364,0.8951862030911364,0.0,0.8350570613409415,0.8350570613409415,0.0,0.1133844256401062,0.1133844256401062,0.0
agent_boolean,scaffold_multi_agent,0.35822705592936455,0.35822705592936455,0.0,0.8951862030911364,0.8951862030911364,0.0,0.8350570613409415,0.8350570613409415,0.0,0.1133844256401062,0.1133844256401062,0.0
agent_boolean,scaffold_has_instructions,0.35822705592936455,0.35822705592936455,0.0,0.8951862030911364,0.8951862030911364,0.0,0.8350570613409415,0.8350570613409415,0.0,0.1133844256401062,0.1133844256401062,0.0
agent_boolean,scaffold_has_skills,0.35822705592936455,0.35822705592936455,0.0,0.8951862030911364,0.8951862030911364,0.0,0.8350570613409415,0.8350570613409415,0.0,0.1133844256401062,0.1133844256401062,0.0
agent_boolean,scaffold_self_critique,0.35822705592936455,0.35822289664061807,-4.159288746474754e-06,0.8951862030911364,0.8951720422319142,-1.4160859222234201e-05,0.8350570613409415,0.8350570613409415,0.0,0.1133844256401062,0.11338987946510315,5.453824996948242e-06
agent_boolean,affordance_self_debug_feedback,0.35822705592936455,0.3582228859892953,-4.169940069242983e-06,0.8951862030911364,0.8951720422319142,-1.4160859222234201e-05,0.8350570613409415,0.8350570613409415,0.0,0.1133844256401062,0.11338986456394196,5.4389238357543945e-06
agent_boolean,scaffold_browser_vision,0.35822705592936455,0.3582068730056377,-2.0182923726852486e-05,0.8951862030911364,0.8951837615636844,-2.441527451990666e-06,0.8350570613409415,0.8350570613409415,0.0,0.1133844256401062,0.11338388174772263,-5.438923835754395e-07
agent_boolean,affordance_browser_control,0.35822705592936455,0.3582041953494,-2.2860579964534278e-05,0.8951862030911364,0.8951819711102195,-4.231980916924449e-06,0.8350570613409415,0.8350570613409415,0.0,0.1133844256401062,0.11338379234075546,-6.332993507385254e-07
agent_boolean,scaffold_full_browser,0.35822705592936455,0.3582000849716254,-2.697095773912528e-05,0.8951862030911364,0.8951785529717866,-7.650119349777995e-06,0.8350570613409415,0.8350570613409415,0.0,0.1133844256401062,0.11338364332914352,-7.82310962677002e-07
agent_boolean,affordance_complete_program_prompt,0.35822705592936455,0.3581937029585108,-3.3352970853772756e-05,0.8951862030911364,0.8951961319694418,9.928878305420774e-06,0.8350570613409415,0.8350570613409415,0.0,0.1133844256401062,0.1133890300989151,4.604458808898926e-06
agent_boolean,scaffold_page_browse,0.35822705592936455,0.35818871734461666,-3.833858474788787e-05,0.8951862030911364,0.8951212584609097,-6.494463022665986e-05,0.8350570613409415,0.8354136947218259,0.0003566333808844302,0.1133844256401062,0.1133858859539032,1.4603137969970703e-06
agent_boolean,affordance_web_page_visit,0.35822705592936455,0.3581870983334461,-3.99575959184606e-05,0.8951862030911364,0.8951137711100567,-7.243198107964588e-05,0.8350570613409415,0.8354136947218259,0.0003566333808844302,0.1133844256401062,0.11338622123003006,1.7955899238586426e-06
agent_boolean,affordance_file_edit,0.35822705592936455,0.35813019010013375,-9.686582923079667e-05,0.8951862030911364,0.896950450828044,0.0017642477369076426,0.8350570613409415,0.8316690442225392,-0.003388017118402309,0.1133844256401062,0.11341903358697891,3.460794687271118e-05
agent_boolean,scaffold_file_edit,0.35822705592936455,0.3581033498179778,-0.00012370611138673437,0.8951862030911364,0.8967220866270217,0.0015358835358852962,0.8350570613409415,0.8322039942938659,-0.0028530670470755526,0.1133844256401062,0.11340387165546417,1.944601535797119e-05
agent_boolean,affordance_shell_access,0.35822705592936455,0.35808362603721766,-0.00014342989214688462,0.8951862030911364,0.8967017405649207,0.0015155374737843008,0.8350570613409415,0.8322039942938659,-0.0028530670470755526,0.1133844256401062,0.11339224129915237,7.815659046173096e-06
agent_boolean,affordance_file_read,0.35822705592936455,0.3580670105542962,-0.0001600453750683628,0.8951862030911364,0.8953880360271791,0.0002018329360427007,0.8350570613409415,0.8350570613409415,0.0,0.1133844256401062,0.11332147568464279,-6.294995546340942e-05
agent_boolean,scaffold_file_search,0.35822705592936455,0.3580616761443355,-0.0001653797850290628,0.8951862030911364,0.8954531434259023,0.0002669403347659305,0.8350570613409415,0.8350570613409415,0.0,0.1133844256401062,0.11332012712955475,-6.429851055145264e-05
agent_boolean,scaffold_filesystem,0.35822705592936455,0.3580032596066925,-0.00022379632267205407,0.8951862030911364,0.8954703968865643,0.00028419379542787837,0.8350570613409415,0.8355920114122682,0.0005349500713267563,0.1133844256401062,0.11329729110002518,-8.713454008102417e-05
agent_boolean,affordance_code_execution,0.35822705592936455,0.35778852347861995,-0.0004385324507445998,0.8951862030911364,0.895740755359763,0.0005545522686266624,0.8350570613409415,0.8355920114122682,0.0005349500713267563,0.1133844256401062,0.11323460191488266,-0.00014982372522354126
agent_boolean,scaffold_python_exec,0.35822705592936455,0.35775805133715105,-0.00046900459221349555,0.8951862030911364,0.8957687515412142,0.0005825484500777689,0.8350570613409415,0.8348787446504993,-0.0001783166904422151,0.1133844256401062,0.11322761327028275,-0.0001568123698234558
agent_boolean,affordance_external_judge_or_eval,0.35822705592936455,0.35765533680138784,-0.0005717191279767109,0.8951862030911364,0.894866200226411,-0.0003200028647254438,0.8350570613409415,0.8343437945791726,-0.0007132667617688604,0.1133844256401062,0.11359196901321411,0.00020754337310791016
agent_boolean,affordance_code_generation,0.35822705592936455,0.35753101219581745,-0.0006960437335470915,0.8951862030911364,0.8946132579823705,-0.0005729451087659321,0.8350570613409415,0.8348787446504993,-0.0001783166904422151,0.1133844256401062,0.11361080408096313,0.0002263784408569336
agent_categorical,model_provider,0.35822705592936455,0.35593625821592284,-0.0022907977134417057,0.8951862030911364,0.8953456348337604,0.0001594317426240055,0.8350570613409415,0.833808844507846,-0.0012482168330955057,0.1133844256401062,0.11299259215593338,-0.00039183348417282104
agent_boolean,affordance_human_dialogue,0.35822705592936455,0.3550347894504135,-0.0031922664789510447,0.8951862030911364,0.8953269978408758,0.00014079474973938133,0.8350570613409415,0.8355920114122682,0.0005349500713267563,0.1133844256401062,0.1130514070391655,-0.00033301860094070435
agent_categorical,scaffold_type,0.35822705592936455,0.3519087487539542,-0.00631830717541032,0.8951862030911364,0.8957182933072037,0.0005320902160672603,0.8350570613409415,0.8364835948644793,0.0014265335235378318,0.1133844256401062,0.11290653049945831,-0.0004778951406478882
agent_categorical,scaffold_tool_exposure_mechanism,0.35822705592936455,0.35108210001447715,-0.0071449559148873965,0.8951862030911364,0.8959919071503386,0.0008057040592022169,0.8350570613409415,0.8348787446504993,-0.0001783166904422151,0.1133844256401062,0.11259210109710693,-0.0007923245429992676
