benchmark,task_id,n,mechanisms,harnesses,models,pass_rate,mechanism_list,code_agent_tool_registry_n,code_agent_tool_registry_pass_rate,code_agent_tool_registry_successes,framework_mediated_browser_control_n,framework_mediated_browser_control_pass_rate,framework_mediated_browser_control_successes,text_action_protocol_n,text_action_protocol_pass_rate,text_action_protocol_successes,no_explicit_tools_n,no_explicit_tools_pass_rate,no_explicit_tools_successes,harness_side_augmentation_n,harness_side_augmentation_pass_rate,harness_side_augmentation_successes,native_tool_schema_n,native_tool_schema_pass_rate,native_tool_schema_successes,code_vs_augmentation_gap
scienceagentbench,3,25,2,2,12,0.72,code_agent_tool_registry; harness_side_augmentation,7,0.14285714285714285,1,,,,,,,,,,18.0,0.9444444444444444,17.0,,,,0.8015873015873016
scienceagentbench,53,25,2,2,12,0.76,code_agent_tool_registry; harness_side_augmentation,7,0.2857142857142857,2,,,,,,,,,,18.0,0.9444444444444444,17.0,,,,0.6587301587301587
scienceagentbench,39,25,2,2,12,0.44,code_agent_tool_registry; harness_side_augmentation,7,0.0,0,,,,,,,,,,18.0,0.6111111111111112,11.0,,,,0.6111111111111112
scienceagentbench,99,25,2,2,12,0.44,code_agent_tool_registry; harness_side_augmentation,7,0.0,0,,,,,,,,,,18.0,0.6111111111111112,11.0,,,,0.6111111111111112
scienceagentbench,76,25,2,2,12,0.56,code_agent_tool_registry; harness_side_augmentation,7,0.14285714285714285,1,,,,,,,,,,18.0,0.7222222222222222,13.0,,,,0.5793650793650793
scienceagentbench,38,25,2,2,12,0.4,code_agent_tool_registry; harness_side_augmentation,7,0.0,0,,,,,,,,,,18.0,0.5555555555555556,10.0,,,,0.5555555555555556
scienceagentbench,19,25,2,2,12,0.52,code_agent_tool_registry; harness_side_augmentation,7,0.14285714285714285,1,,,,,,,,,,18.0,0.6666666666666666,12.0,,,,0.5238095238095237
scienceagentbench,28,25,2,2,12,0.36,code_agent_tool_registry; harness_side_augmentation,7,0.0,0,,,,,,,,,,18.0,0.5,9.0,,,,0.5
scienceagentbench,82,25,2,2,12,0.48,code_agent_tool_registry; harness_side_augmentation,7,0.14285714285714285,1,,,,,,,,,,18.0,0.6111111111111112,11.0,,,,0.4682539682539683
scienceagentbench,69,25,2,2,12,0.76,code_agent_tool_registry; harness_side_augmentation,7,0.42857142857142855,3,,,,,,,,,,18.0,0.8888888888888888,16.0,,,,0.4603174603174603
scienceagentbench,80,25,2,2,12,0.76,code_agent_tool_registry; harness_side_augmentation,7,0.42857142857142855,3,,,,,,,,,,18.0,0.8888888888888888,16.0,,,,0.4603174603174603
scienceagentbench,88,25,2,2,12,0.32,code_agent_tool_registry; harness_side_augmentation,7,0.0,0,,,,,,,,,,18.0,0.4444444444444444,8.0,,,,0.4444444444444444
scienceagentbench,96,25,2,2,12,0.6,code_agent_tool_registry; harness_side_augmentation,7,0.2857142857142857,2,,,,,,,,,,18.0,0.7222222222222222,13.0,,,,0.4365079365079365
scienceagentbench,94,25,2,2,12,0.88,code_agent_tool_registry; harness_side_augmentation,7,0.5714285714285714,4,,,,,,,,,,18.0,1.0,18.0,,,,0.4285714285714286
scienceagentbench,14,25,2,2,12,0.44,code_agent_tool_registry; harness_side_augmentation,7,0.14285714285714285,1,,,,,,,,,,18.0,0.5555555555555556,10.0,,,,0.41269841269841273
scienceagentbench,23,25,2,2,12,0.44,code_agent_tool_registry; harness_side_augmentation,7,0.14285714285714285,1,,,,,,,,,,18.0,0.5555555555555556,10.0,,,,0.41269841269841273
scienceagentbench,73,25,2,2,12,0.72,code_agent_tool_registry; harness_side_augmentation,7,0.42857142857142855,3,,,,,,,,,,18.0,0.8333333333333334,15.0,,,,0.4047619047619048
scienceagentbench,51,25,2,2,12,0.28,code_agent_tool_registry; harness_side_augmentation,7,0.0,0,,,,,,,,,,18.0,0.3888888888888889,7.0,,,,0.3888888888888889
scienceagentbench,49,25,2,2,12,0.24,code_agent_tool_registry; harness_side_augmentation,7,0.0,0,,,,,,,,,,18.0,0.3333333333333333,6.0,,,,0.3333333333333333
scienceagentbench,58,25,2,2,12,0.2,code_agent_tool_registry; harness_side_augmentation,7,0.42857142857142855,3,,,,,,,,,,18.0,0.1111111111111111,2.0,,,,0.31746031746031744
scienceagentbench,13,25,2,2,12,0.32,code_agent_tool_registry; harness_side_augmentation,7,0.14285714285714285,1,,,,,,,,,,18.0,0.3888888888888889,7.0,,,,0.24603174603174605
scienceagentbench,11,25,2,2,12,0.6,code_agent_tool_registry; harness_side_augmentation,7,0.42857142857142855,3,,,,,,,,,,18.0,0.6666666666666666,12.0,,,,0.23809523809523808
scienceagentbench,41,25,2,2,12,0.4,code_agent_tool_registry; harness_side_augmentation,7,0.5714285714285714,4,,,,,,,,,,18.0,0.3333333333333333,6.0,,,,0.23809523809523808
scienceagentbench,33,25,2,2,12,0.16,code_agent_tool_registry; harness_side_augmentation,7,0.0,0,,,,,,,,,,18.0,0.2222222222222222,4.0,,,,0.2222222222222222
scienceagentbench,4,25,2,2,12,0.16,code_agent_tool_registry; harness_side_augmentation,7,0.0,0,,,,,,,,,,18.0,0.2222222222222222,4.0,,,,0.2222222222222222
scienceagentbench,55,25,2,2,12,0.16,code_agent_tool_registry; harness_side_augmentation,7,0.0,0,,,,,,,,,,18.0,0.2222222222222222,4.0,,,,0.2222222222222222
scienceagentbench,91,25,2,2,12,0.16,code_agent_tool_registry; harness_side_augmentation,7,0.0,0,,,,,,,,,,18.0,0.2222222222222222,4.0,,,,0.2222222222222222
scienceagentbench,46,25,2,2,12,0.44,code_agent_tool_registry; harness_side_augmentation,7,0.2857142857142857,2,,,,,,,,,,18.0,0.5,9.0,,,,0.2142857142857143
scienceagentbench,83,25,2,2,12,0.44,code_agent_tool_registry; harness_side_augmentation,7,0.2857142857142857,2,,,,,,,,,,18.0,0.5,9.0,,,,0.2142857142857143
scienceagentbench,17,25,2,2,12,0.28,code_agent_tool_registry; harness_side_augmentation,7,0.14285714285714285,1,,,,,,,,,,18.0,0.3333333333333333,6.0,,,,0.19047619047619047
scienceagentbench,27,25,2,2,12,0.28,code_agent_tool_registry; harness_side_augmentation,7,0.14285714285714285,1,,,,,,,,,,18.0,0.3333333333333333,6.0,,,,0.19047619047619047
scienceagentbench,50,25,2,2,12,0.28,code_agent_tool_registry; harness_side_augmentation,7,0.14285714285714285,1,,,,,,,,,,18.0,0.3333333333333333,6.0,,,,0.19047619047619047
scienceagentbench,81,25,2,2,12,0.28,code_agent_tool_registry; harness_side_augmentation,7,0.14285714285714285,1,,,,,,,,,,18.0,0.3333333333333333,6.0,,,,0.19047619047619047
scienceagentbench,90,25,2,2,12,0.56,code_agent_tool_registry; harness_side_augmentation,7,0.42857142857142855,3,,,,,,,,,,18.0,0.6111111111111112,11.0,,,,0.1825396825396826
scienceagentbench,40,25,2,2,12,0.44,code_agent_tool_registry; harness_side_augmentation,7,0.5714285714285714,4,,,,,,,,,,18.0,0.3888888888888889,7.0,,,,0.1825396825396825
scienceagentbench,97,25,2,2,12,0.12,code_agent_tool_registry; harness_side_augmentation,7,0.0,0,,,,,,,,,,18.0,0.16666666666666666,3.0,,,,0.16666666666666666
scienceagentbench,85,25,2,2,12,0.04,code_agent_tool_registry; harness_side_augmentation,7,0.14285714285714285,1,,,,,,,,,,18.0,0.0,0.0,,,,0.14285714285714285
scienceagentbench,84,25,2,2,12,0.24,code_agent_tool_registry; harness_side_augmentation,7,0.14285714285714285,1,,,,,,,,,,18.0,0.2777777777777778,5.0,,,,0.13492063492063494
scienceagentbench,18,25,2,2,12,0.52,code_agent_tool_registry; harness_side_augmentation,7,0.42857142857142855,3,,,,,,,,,,18.0,0.5555555555555556,10.0,,,,0.12698412698412703
scienceagentbench,57,25,2,2,12,0.8,code_agent_tool_registry; harness_side_augmentation,7,0.7142857142857143,5,,,,,,,,,,18.0,0.8333333333333334,15.0,,,,0.11904761904761907
scienceagentbench,6,25,2,2,12,0.2,code_agent_tool_registry; harness_side_augmentation,7,0.2857142857142857,2,,,,,,,,,,18.0,0.16666666666666666,3.0,,,,0.11904761904761904
scienceagentbench,7,25,2,2,12,0.08,code_agent_tool_registry; harness_side_augmentation,7,0.0,0,,,,,,,,,,18.0,0.1111111111111111,2.0,,,,0.1111111111111111
scienceagentbench,77,25,2,2,12,0.08,code_agent_tool_registry; harness_side_augmentation,7,0.0,0,,,,,,,,,,18.0,0.1111111111111111,2.0,,,,0.1111111111111111
scienceagentbench,89,25,2,2,12,0.08,code_agent_tool_registry; harness_side_augmentation,7,0.0,0,,,,,,,,,,18.0,0.1111111111111111,2.0,,,,0.1111111111111111
scienceagentbench,98,25,2,2,12,0.08,code_agent_tool_registry; harness_side_augmentation,7,0.0,0,,,,,,,,,,18.0,0.1111111111111111,2.0,,,,0.1111111111111111
scienceagentbench,79,25,2,2,12,0.64,code_agent_tool_registry; harness_side_augmentation,7,0.7142857142857143,5,,,,,,,,,,18.0,0.6111111111111112,11.0,,,,0.10317460317460314
scienceagentbench,102,25,2,2,12,0.08,code_agent_tool_registry; harness_side_augmentation,7,0.14285714285714285,1,,,,,,,,,,18.0,0.05555555555555555,1.0,,,,0.0873015873015873
scienceagentbench,52,25,2,2,12,0.08,code_agent_tool_registry; harness_side_augmentation,7,0.14285714285714285,1,,,,,,,,,,18.0,0.05555555555555555,1.0,,,,0.0873015873015873
scienceagentbench,20,25,2,2,12,0.48,code_agent_tool_registry; harness_side_augmentation,7,0.42857142857142855,3,,,,,,,,,,18.0,0.5,9.0,,,,0.07142857142857145
scienceagentbench,45,25,2,2,12,0.76,code_agent_tool_registry; harness_side_augmentation,7,0.7142857142857143,5,,,,,,,,,,18.0,0.7777777777777778,14.0,,,,0.06349206349206349
scienceagentbench,71,25,2,2,12,0.24,code_agent_tool_registry; harness_side_augmentation,7,0.2857142857142857,2,,,,,,,,,,18.0,0.2222222222222222,4.0,,,,0.06349206349206349
scienceagentbench,101,25,2,2,12,0.04,code_agent_tool_registry; harness_side_augmentation,7,0.0,0,,,,,,,,,,18.0,0.05555555555555555,1.0,,,,0.05555555555555555
scienceagentbench,24,25,2,2,12,0.04,code_agent_tool_registry; harness_side_augmentation,7,0.0,0,,,,,,,,,,18.0,0.05555555555555555,1.0,,,,0.05555555555555555
scienceagentbench,25,25,2,2,12,0.04,code_agent_tool_registry; harness_side_augmentation,7,0.0,0,,,,,,,,,,18.0,0.05555555555555555,1.0,,,,0.05555555555555555
scienceagentbench,35,25,2,2,12,0.04,code_agent_tool_registry; harness_side_augmentation,7,0.0,0,,,,,,,,,,18.0,0.05555555555555555,1.0,,,,0.05555555555555555
scienceagentbench,42,25,2,2,12,0.04,code_agent_tool_registry; harness_side_augmentation,7,0.0,0,,,,,,,,,,18.0,0.05555555555555555,1.0,,,,0.05555555555555555
scienceagentbench,47,25,2,2,12,0.04,code_agent_tool_registry; harness_side_augmentation,7,0.0,0,,,,,,,,,,18.0,0.05555555555555555,1.0,,,,0.05555555555555555
scienceagentbench,56,25,2,2,12,0.04,code_agent_tool_registry; harness_side_augmentation,7,0.0,0,,,,,,,,,,18.0,0.05555555555555555,1.0,,,,0.05555555555555555
scienceagentbench,63,25,2,2,12,0.04,code_agent_tool_registry; harness_side_augmentation,7,0.0,0,,,,,,,,,,18.0,0.05555555555555555,1.0,,,,0.05555555555555555
scienceagentbench,70,25,2,2,12,0.04,code_agent_tool_registry; harness_side_augmentation,7,0.0,0,,,,,,,,,,18.0,0.05555555555555555,1.0,,,,0.05555555555555555
scienceagentbench,75,25,2,2,12,0.04,code_agent_tool_registry; harness_side_augmentation,7,0.0,0,,,,,,,,,,18.0,0.05555555555555555,1.0,,,,0.05555555555555555
scienceagentbench,92,25,2,2,12,0.04,code_agent_tool_registry; harness_side_augmentation,7,0.0,0,,,,,,,,,,18.0,0.05555555555555555,1.0,,,,0.05555555555555555
scienceagentbench,16,25,2,2,12,0.32,code_agent_tool_registry; harness_side_augmentation,7,0.2857142857142857,2,,,,,,,,,,18.0,0.3333333333333333,6.0,,,,0.047619047619047616
scienceagentbench,66,25,2,2,12,0.32,code_agent_tool_registry; harness_side_augmentation,7,0.2857142857142857,2,,,,,,,,,,18.0,0.3333333333333333,6.0,,,,0.047619047619047616
scienceagentbench,100,25,2,2,12,0.4,code_agent_tool_registry; harness_side_augmentation,7,0.42857142857142855,3,,,,,,,,,,18.0,0.3888888888888889,7.0,,,,0.03968253968253965
scienceagentbench,86,25,2,2,12,0.12,code_agent_tool_registry; harness_side_augmentation,7,0.14285714285714285,1,,,,,,,,,,18.0,0.1111111111111111,2.0,,,,0.031746031746031744
scienceagentbench,93,25,2,2,12,0.12,code_agent_tool_registry; harness_side_augmentation,7,0.14285714285714285,1,,,,,,,,,,18.0,0.1111111111111111,2.0,,,,0.031746031746031744
scienceagentbench,48,25,2,2,12,0.16,code_agent_tool_registry; harness_side_augmentation,7,0.14285714285714285,1,,,,,,,,,,18.0,0.16666666666666666,3.0,,,,0.023809523809523808
scienceagentbench,54,25,2,2,12,0.16,code_agent_tool_registry; harness_side_augmentation,7,0.14285714285714285,1,,,,,,,,,,18.0,0.16666666666666666,3.0,,,,0.023809523809523808
scienceagentbench,1,25,2,2,12,0.0,code_agent_tool_registry; harness_side_augmentation,7,0.0,0,,,,,,,,,,18.0,0.0,0.0,,,,0.0
scienceagentbench,10,25,2,2,12,0.0,code_agent_tool_registry; harness_side_augmentation,7,0.0,0,,,,,,,,,,18.0,0.0,0.0,,,,0.0
scienceagentbench,12,25,2,2,12,0.0,code_agent_tool_registry; harness_side_augmentation,7,0.0,0,,,,,,,,,,18.0,0.0,0.0,,,,0.0
scienceagentbench,15,25,2,2,12,0.0,code_agent_tool_registry; harness_side_augmentation,7,0.0,0,,,,,,,,,,18.0,0.0,0.0,,,,0.0
scienceagentbench,2,25,2,2,12,0.0,code_agent_tool_registry; harness_side_augmentation,7,0.0,0,,,,,,,,,,18.0,0.0,0.0,,,,0.0
scienceagentbench,21,25,2,2,12,0.0,code_agent_tool_registry; harness_side_augmentation,7,0.0,0,,,,,,,,,,18.0,0.0,0.0,,,,0.0
scienceagentbench,22,25,2,2,12,0.0,code_agent_tool_registry; harness_side_augmentation,7,0.0,0,,,,,,,,,,18.0,0.0,0.0,,,,0.0
scienceagentbench,26,25,2,2,12,0.0,code_agent_tool_registry; harness_side_augmentation,7,0.0,0,,,,,,,,,,18.0,0.0,0.0,,,,0.0
scienceagentbench,29,25,2,2,12,0.0,code_agent_tool_registry; harness_side_augmentation,7,0.0,0,,,,,,,,,,18.0,0.0,0.0,,,,0.0
scienceagentbench,30,25,2,2,12,0.0,code_agent_tool_registry; harness_side_augmentation,7,0.0,0,,,,,,,,,,18.0,0.0,0.0,,,,0.0
scienceagentbench,31,25,2,2,12,0.0,code_agent_tool_registry; harness_side_augmentation,7,0.0,0,,,,,,,,,,18.0,0.0,0.0,,,,0.0
scienceagentbench,32,25,2,2,12,0.0,code_agent_tool_registry; harness_side_augmentation,7,0.0,0,,,,,,,,,,18.0,0.0,0.0,,,,0.0
scienceagentbench,34,25,2,2,12,0.0,code_agent_tool_registry; harness_side_augmentation,7,0.0,0,,,,,,,,,,18.0,0.0,0.0,,,,0.0
scienceagentbench,36,25,2,2,12,0.0,code_agent_tool_registry; harness_side_augmentation,7,0.0,0,,,,,,,,,,18.0,0.0,0.0,,,,0.0
scienceagentbench,37,25,2,2,12,0.0,code_agent_tool_registry; harness_side_augmentation,7,0.0,0,,,,,,,,,,18.0,0.0,0.0,,,,0.0
scienceagentbench,43,25,2,2,12,0.0,code_agent_tool_registry; harness_side_augmentation,7,0.0,0,,,,,,,,,,18.0,0.0,0.0,,,,0.0
scienceagentbench,44,25,2,2,12,0.0,code_agent_tool_registry; harness_side_augmentation,7,0.0,0,,,,,,,,,,18.0,0.0,0.0,,,,0.0
scienceagentbench,5,25,2,2,12,0.0,code_agent_tool_registry; harness_side_augmentation,7,0.0,0,,,,,,,,,,18.0,0.0,0.0,,,,0.0
scienceagentbench,59,25,2,2,12,0.0,code_agent_tool_registry; harness_side_augmentation,7,0.0,0,,,,,,,,,,18.0,0.0,0.0,,,,0.0
scienceagentbench,60,25,2,2,12,0.0,code_agent_tool_registry; harness_side_augmentation,7,0.0,0,,,,,,,,,,18.0,0.0,0.0,,,,0.0
scienceagentbench,61,25,2,2,12,0.0,code_agent_tool_registry; harness_side_augmentation,7,0.0,0,,,,,,,,,,18.0,0.0,0.0,,,,0.0
scienceagentbench,62,25,2,2,12,0.0,code_agent_tool_registry; harness_side_augmentation,7,0.0,0,,,,,,,,,,18.0,0.0,0.0,,,,0.0
scienceagentbench,64,25,2,2,12,0.0,code_agent_tool_registry; harness_side_augmentation,7,0.0,0,,,,,,,,,,18.0,0.0,0.0,,,,0.0
scienceagentbench,65,25,2,2,12,0.0,code_agent_tool_registry; harness_side_augmentation,7,0.0,0,,,,,,,,,,18.0,0.0,0.0,,,,0.0
scienceagentbench,67,25,2,2,12,0.0,code_agent_tool_registry; harness_side_augmentation,7,0.0,0,,,,,,,,,,18.0,0.0,0.0,,,,0.0
scienceagentbench,68,25,2,2,12,0.0,code_agent_tool_registry; harness_side_augmentation,7,0.0,0,,,,,,,,,,18.0,0.0,0.0,,,,0.0
scienceagentbench,72,25,2,2,12,0.0,code_agent_tool_registry; harness_side_augmentation,7,0.0,0,,,,,,,,,,18.0,0.0,0.0,,,,0.0
scienceagentbench,74,25,2,2,12,0.0,code_agent_tool_registry; harness_side_augmentation,7,0.0,0,,,,,,,,,,18.0,0.0,0.0,,,,0.0
scienceagentbench,78,25,2,2,12,0.0,code_agent_tool_registry; harness_side_augmentation,7,0.0,0,,,,,,,,,,18.0,0.0,0.0,,,,0.0
scienceagentbench,8,25,2,2,12,0.0,code_agent_tool_registry; harness_side_augmentation,7,0.0,0,,,,,,,,,,18.0,0.0,0.0,,,,0.0
scienceagentbench,87,25,2,2,12,0.0,code_agent_tool_registry; harness_side_augmentation,7,0.0,0,,,,,,,,,,18.0,0.0,0.0,,,,0.0
scienceagentbench,9,25,2,2,12,0.0,code_agent_tool_registry; harness_side_augmentation,7,0.0,0,,,,,,,,,,18.0,0.0,0.0,,,,0.0
scienceagentbench,95,25,2,2,12,0.0,code_agent_tool_registry; harness_side_augmentation,7,0.0,0,,,,,,,,,,18.0,0.0,0.0,,,,0.0
usaco,1011_bronze_triangles,15,2,2,10,0.0,code_agent_tool_registry; harness_side_augmentation,1,0.0,0,,,,,,,,,,14.0,0.0,0.0,,,,0.0
usaco,1012_bronze_mad_scientist,15,2,2,10,0.0,code_agent_tool_registry; harness_side_augmentation,1,0.0,0,,,,,,,,,,14.0,0.0,0.0,,,,0.0
usaco,1013_bronze_swapity_swap,15,2,2,10,0.0,code_agent_tool_registry; harness_side_augmentation,1,0.0,0,,,,,,,,,,14.0,0.0,0.0,,,,0.0
usaco,1014_silver_swapity_swapity_swap,15,2,2,10,0.0,code_agent_tool_registry; harness_side_augmentation,1,0.0,0,,,,,,,,,,14.0,0.0,0.0,,,,0.0
usaco,1015_silver_triangles,15,2,2,10,0.0,code_agent_tool_registry; harness_side_augmentation,1,0.0,0,,,,,,,,,,14.0,0.0,0.0,,,,0.0
usaco,1016_silver_clock_tree,15,2,2,10,0.0,code_agent_tool_registry; harness_side_augmentation,1,0.0,0,,,,,,,,,,14.0,0.0,0.0,,,,0.0
usaco,1017_gold_timeline,15,2,2,10,0.0,code_agent_tool_registry; harness_side_augmentation,1,0.0,0,,,,,,,,,,14.0,0.0,0.0,,,,0.0
usaco,1018_gold_help_yourself,15,2,2,10,0.0,code_agent_tool_registry; harness_side_augmentation,1,0.0,0,,,,,,,,,,14.0,0.0,0.0,,,,0.0
usaco,101_gold_simplifying_the_farm,15,2,2,10,0.0,code_agent_tool_registry; harness_side_augmentation,1,0.0,0,,,,,,,,,,14.0,0.0,0.0,,,,0.0
usaco,1021_platinum_equilateral_triangles,15,2,2,10,0.0,code_agent_tool_registry; harness_side_augmentation,1,0.0,0,,,,,,,,,,14.0,0.0,0.0,,,,0.0
usaco,1035_bronze_social_distancing_i,15,2,2,10,0.0,code_agent_tool_registry; harness_side_augmentation,1,0.0,0,,,,,,,,,,14.0,0.0,0.0,,,,0.0
usaco,1036_bronze_social_distancing_ii,15,2,2,10,0.0,code_agent_tool_registry; harness_side_augmentation,1,0.0,0,,,,,,,,,,14.0,0.0,0.0,,,,0.0
usaco,1037_bronze_cowntact_tracing,15,2,2,10,0.0,code_agent_tool_registry; harness_side_augmentation,1,0.0,0,,,,,,,,,,14.0,0.0,0.0,,,,0.0
usaco,1038_silver_social_distancing,15,2,2,10,0.0,code_agent_tool_registry; harness_side_augmentation,1,0.0,0,,,,,,,,,,14.0,0.0,0.0,,,,0.0
usaco,1039_silver_cereal,15,2,2,10,0.0,code_agent_tool_registry; harness_side_augmentation,1,0.0,0,,,,,,,,,,14.0,0.0,0.0,,,,0.0
usaco,103_bronze_gifts,15,2,2,10,0.0,code_agent_tool_registry; harness_side_augmentation,1,0.0,0,,,,,,,,,,14.0,0.0,0.0,,,,0.0
usaco,1040_silver_the_moo_particle,15,2,2,10,0.0,code_agent_tool_registry; harness_side_augmentation,1,0.0,0,,,,,,,,,,14.0,0.0,0.0,,,,0.0
usaco,104_bronze_haybale_stacking,15,2,2,10,0.0,code_agent_tool_registry; harness_side_augmentation,1,0.0,0,,,,,,,,,,14.0,0.0,0.0,,,,0.0
usaco,1059_bronze_do_you_know_your_abcs?,15,2,2,10,0.0,code_agent_tool_registry; harness_side_augmentation,1,0.0,0,,,,,,,,,,14.0,0.0,0.0,,,,0.0
usaco,105_bronze_grazing_patterns,15,2,2,10,0.0,code_agent_tool_registry; harness_side_augmentation,1,0.0,0,,,,,,,,,,14.0,0.0,0.0,,,,0.0
usaco,1060_bronze_daisy_chains,15,2,2,10,0.0,code_agent_tool_registry; harness_side_augmentation,1,0.0,0,,,,,,,,,,14.0,0.0,0.0,,,,0.0
usaco,1062_silver_cowntagion,15,2,2,10,0.0,code_agent_tool_registry; harness_side_augmentation,1,0.0,0,,,,,,,,,,14.0,0.0,0.0,,,,0.0
usaco,1063_silver_rectangular_pasture,15,2,2,10,0.0,code_agent_tool_registry; harness_side_augmentation,1,0.0,0,,,,,,,,,,14.0,0.0,0.0,,,,0.0
usaco,1064_silver_stuck_in_a_rut,15,2,2,10,0.0,code_agent_tool_registry; harness_side_augmentation,1,0.0,0,,,,,,,,,,14.0,0.0,0.0,,,,0.0
usaco,1067_gold_square_pasture,15,2,2,10,0.0,code_agent_tool_registry; harness_side_augmentation,1,0.0,0,,,,,,,,,,14.0,0.0,0.0,,,,0.0
usaco,1068_platinum_sleeping_cows,15,2,2,10,0.0,code_agent_tool_registry; harness_side_augmentation,1,0.0,0,,,,,,,,,,14.0,0.0,0.0,,,,0.0
usaco,1069_platinum_spaceship,15,2,2,10,0.0,code_agent_tool_registry; harness_side_augmentation,1,0.0,0,,,,,,,,,,14.0,0.0,0.0,,,,0.0
usaco,106_silver_delivery_route,15,2,2,10,0.0,code_agent_tool_registry; harness_side_augmentation,1,0.0,0,,,,,,,,,,14.0,0.0,0.0,,,,0.0
usaco,107_silver_bale_share,15,2,2,10,0.0,code_agent_tool_registry; harness_side_augmentation,1,0.0,0,,,,,,,,,,14.0,0.0,0.0,,,,0.0
usaco,1083_bronze_uddered_but_not_herd,15,2,2,10,0.0,code_agent_tool_registry; harness_side_augmentation,1,0.0,0,,,,,,,,,,14.0,0.0,0.0,,,,0.0
usaco,1085_bronze_just_stalling,15,2,2,10,0.0,code_agent_tool_registry; harness_side_augmentation,1,0.0,0,,,,,,,,,,14.0,0.0,0.0,,,,0.0
usaco,1086_silver_dance_mooves,15,2,2,10,0.0,code_agent_tool_registry; harness_side_augmentation,1,0.0,0,,,,,,,,,,14.0,0.0,0.0,,,,0.0
usaco,1087_silver_no_time_to_paint,15,2,2,10,0.0,code_agent_tool_registry; harness_side_augmentation,1,0.0,0,,,,,,,,,,14.0,0.0,0.0,,,,0.0
usaco,1088_silver_spaced_out,15,2,2,10,0.0,code_agent_tool_registry; harness_side_augmentation,1,0.0,0,,,,,,,,,,14.0,0.0,0.0,,,,0.0
usaco,108_silver_mountain_climbing,15,2,2,10,0.0,code_agent_tool_registry; harness_side_augmentation,1,0.0,0,,,,,,,,,,14.0,0.0,0.0,,,,0.0
usaco,1090_gold_telephone,15,2,2,10,0.0,code_agent_tool_registry; harness_side_augmentation,1,0.0,0,,,,,,,,,,14.0,0.0,0.0,,,,0.0
usaco,1108_bronze_comfortable_cows,15,2,2,10,0.0,code_agent_tool_registry; harness_side_augmentation,1,0.0,0,,,,,,,,,,14.0,0.0,0.0,,,,0.0
usaco,1109_bronze_clockwise_fence,15,2,2,10,0.0,code_agent_tool_registry; harness_side_augmentation,1,0.0,0,,,,,,,,,,14.0,0.0,0.0,,,,0.0
usaco,1111_silver_year_of_the_cow,15,2,2,10,0.0,code_agent_tool_registry; harness_side_augmentation,1,0.0,0,,,,,,,,,,14.0,0.0,0.0,,,,0.0
usaco,1112_silver_just_green_enough,15,2,2,10,0.0,code_agent_tool_registry; harness_side_augmentation,1,0.0,0,,,,,,,,,,14.0,0.0,0.0,,,,0.0
usaco,1113_gold_stone_game,15,2,2,10,0.0,code_agent_tool_registry; harness_side_augmentation,1,0.0,0,,,,,,,,,,14.0,0.0,0.0,,,,0.0
usaco,1114_gold_modern_art_3,15,2,2,10,0.0,code_agent_tool_registry; harness_side_augmentation,1,0.0,0,,,,,,,,,,14.0,0.0,0.0,,,,0.0
usaco,1115_gold_count_the_cows,15,2,2,10,0.0,code_agent_tool_registry; harness_side_augmentation,1,0.0,0,,,,,,,,,,14.0,0.0,0.0,,,,0.0
usaco,111_gold_bovine_alliance,15,2,2,10,0.0,code_agent_tool_registry; harness_side_augmentation,1,0.0,0,,,,,,,,,,14.0,0.0,0.0,,,,0.0
usaco,112_bronze_rope_folding,15,2,2,10,0.0,code_agent_tool_registry; harness_side_augmentation,1,0.0,0,,,,,,,,,,14.0,0.0,0.0,,,,0.0
usaco,1131_bronze_acowdemia_i,15,2,2,10,0.0,code_agent_tool_registry; harness_side_augmentation,1,0.0,0,,,,,,,,,,14.0,0.0,0.0,,,,0.0
usaco,1132_bronze_acowdemia_ii,15,2,2,10,0.0,code_agent_tool_registry; harness_side_augmentation,1,0.0,0,,,,,,,,,,14.0,0.0,0.0,,,,0.0
usaco,1133_bronze_acowdemia_iii,15,2,2,10,0.0,code_agent_tool_registry; harness_side_augmentation,1,0.0,0,,,,,,,,,,14.0,0.0,0.0,,,,0.0
usaco,1136_silver_acowdemia,15,2,2,10,0.0,code_agent_tool_registry; harness_side_augmentation,1,0.0,0,,,,,,,,,,14.0,0.0,0.0,,,,0.0
usaco,1137_gold_united_cows_of_farmer_john,15,2,2,10,0.0,code_agent_tool_registry; harness_side_augmentation,1,0.0,0,,,,,,,,,,14.0,0.0,0.0,,,,0.0
usaco,1138_gold_portals,15,2,2,10,0.0,code_agent_tool_registry; harness_side_augmentation,1,0.0,0,,,,,,,,,,14.0,0.0,0.0,,,,0.0
usaco,1139_gold_permutation,15,2,2,10,0.0,code_agent_tool_registry; harness_side_augmentation,1,0.0,0,,,,,,,,,,14.0,0.0,0.0,,,,0.0
usaco,1142_platinum_balanced_subsets,15,2,2,10,0.0,code_agent_tool_registry; harness_side_augmentation,1,0.0,0,,,,,,,,,,14.0,0.0,0.0,,,,0.0
usaco,114_bronze_moo,15,2,2,10,0.0,code_agent_tool_registry; harness_side_augmentation,1,0.0,0,,,,,,,,,,14.0,0.0,0.0,,,,0.0
usaco,1155_bronze_lonely_photo,15,2,2,10,0.0,code_agent_tool_registry; harness_side_augmentation,1,0.0,0,,,,,,,,,,14.0,0.0,0.0,,,,0.0
usaco,1156_bronze_air_cownditioning,15,2,2,10,0.0,code_agent_tool_registry; harness_side_augmentation,1,0.0,0,,,,,,,,,,14.0,0.0,0.0,,,,0.0
usaco,1157_bronze_walking_home,15,2,2,10,0.0,code_agent_tool_registry; harness_side_augmentation,1,0.0,0,,,,,,,,,,14.0,0.0,0.0,,,,0.0
usaco,115_silver_overplanting_(silver),15,2,2,10,0.0,code_agent_tool_registry; harness_side_augmentation,1,0.0,0,,,,,,,,,,14.0,0.0,0.0,,,,0.0
usaco,1160_silver_convoluted_intervals,15,2,2,10,0.0,code_agent_tool_registry; harness_side_augmentation,1,0.0,0,,,,,,,,,,14.0,0.0,0.0,,,,0.0
usaco,1161_gold_paired_up,15,2,2,10,0.0,code_agent_tool_registry; harness_side_augmentation,1,0.0,0,,,,,,,,,,14.0,0.0,0.0,,,,0.0
usaco,1164_platinum_tickets,15,2,2,10,0.0,code_agent_tool_registry; harness_side_augmentation,1,0.0,0,,,,,,,,,,14.0,0.0,0.0,,,,0.0
usaco,1179_bronze_herdle,15,2,2,10,0.0,code_agent_tool_registry; harness_side_augmentation,1,0.0,0,,,,,,,,,,14.0,0.0,0.0,,,,0.0
usaco,117_silver_relocation,15,2,2,10,0.0,code_agent_tool_registry; harness_side_augmentation,1,0.0,0,,,,,,,,,,14.0,0.0,0.0,,,,0.0
usaco,1180_bronze_non-transitive_dice,15,2,2,10,0.0,code_agent_tool_registry; harness_side_augmentation,1,0.0,0,,,,,,,,,,14.0,0.0,0.0,,,,0.0
usaco,1181_bronze_drought,15,2,2,10,0.0,code_agent_tool_registry; harness_side_augmentation,1,0.0,0,,,,,,,,,,14.0,0.0,0.0,,,,0.0
usaco,1182_silver_searching_for_soulmates,15,2,2,10,0.0,code_agent_tool_registry; harness_side_augmentation,1,0.0,0,,,,,,,,,,14.0,0.0,0.0,,,,0.0
usaco,1183_silver_cow_frisbee,15,2,2,10,0.0,code_agent_tool_registry; harness_side_augmentation,1,0.0,0,,,,,,,,,,14.0,0.0,0.0,,,,0.0
usaco,1188_platinum_minimizing_haybales,15,2,2,10,0.0,code_agent_tool_registry; harness_side_augmentation,1,0.0,0,,,,,,,,,,14.0,0.0,0.0,,,,0.0
usaco,118_gold_cow_coupons,15,2,2,10,0.0,code_agent_tool_registry; harness_side_augmentation,1,0.0,0,,,,,,,,,,14.0,0.0,0.0,,,,0.0
usaco,1203_bronze_sleeping_in_class,15,2,2,10,0.0,code_agent_tool_registry; harness_side_augmentation,1,0.0,0,,,,,,,,,,14.0,0.0,0.0,,,,0.0
usaco,1204_bronze_photoshoot_2,15,2,2,10,0.0,code_agent_tool_registry; harness_side_augmentation,1,0.0,0,,,,,,,,,,14.0,0.0,0.0,,,,0.0
usaco,1205_bronze_blocks,15,2,2,10,0.0,code_agent_tool_registry; harness_side_augmentation,1,0.0,0,,,,,,,,,,14.0,0.0,0.0,,,,0.0
usaco,1206_silver_redistributing_gifts,15,2,2,10,0.0,code_agent_tool_registry; harness_side_augmentation,1,0.0,0,,,,,,,,,,14.0,0.0,0.0,,,,0.0
usaco,1208_silver_email_filing,15,2,2,10,0.0,code_agent_tool_registry; harness_side_augmentation,1,0.0,0,,,,,,,,,,14.0,0.0,0.0,,,,0.0
usaco,1209_gold_redistributing_gifts,15,2,2,10,0.0,code_agent_tool_registry; harness_side_augmentation,1,0.0,0,,,,,,,,,,14.0,0.0,0.0,,,,0.0
usaco,120_gold_nearby_cows,15,2,2,10,0.0,code_agent_tool_registry; harness_side_augmentation,1,0.0,0,,,,,,,,,,14.0,0.0,0.0,,,,0.0
usaco,1212_platinum_paint_by_rectangles,15,2,2,10,0.0,code_agent_tool_registry; harness_side_augmentation,1,0.0,0,,,,,,,,,,14.0,0.0,0.0,,,,0.0
usaco,121_bronze_times_17,15,2,2,10,0.0,code_agent_tool_registry; harness_side_augmentation,1,0.0,0,,,,,,,,,,14.0,0.0,0.0,,,,0.0
usaco,1227_bronze_photoshoot,15,2,2,10,0.0,code_agent_tool_registry; harness_side_augmentation,1,0.0,0,,,,,,,,,,14.0,0.0,0.0,,,,0.0
usaco,1228_bronze_counting_liars,15,2,2,10,0.0,code_agent_tool_registry; harness_side_augmentation,1,0.0,0,,,,,,,,,,14.0,0.0,0.0,,,,0.0
usaco,1229_bronze_alchemy,15,2,2,10,0.0,code_agent_tool_registry; harness_side_augmentation,1,0.0,0,,,,,,,,,,14.0,0.0,0.0,,,,0.0
usaco,1230_silver_visits,15,2,2,10,0.0,code_agent_tool_registry; harness_side_augmentation,1,0.0,0,,,,,,,,,,14.0,0.0,0.0,,,,0.0
usaco,1231_silver_subset_equality,15,2,2,10,0.0,code_agent_tool_registry; harness_side_augmentation,1,0.0,0,,,,,,,,,,14.0,0.0,0.0,,,,0.0
usaco,1232_silver_cow_operations,15,2,2,10,0.0,code_agent_tool_registry; harness_side_augmentation,1,0.0,0,,,,,,,,,,14.0,0.0,0.0,,,,0.0
usaco,123_bronze_wrong_directions,15,2,2,10,0.0,code_agent_tool_registry; harness_side_augmentation,1,0.0,0,,,,,,,,,,14.0,0.0,0.0,,,,0.0
usaco,1251_bronze_cow_college,15,2,2,10,0.0,code_agent_tool_registry; harness_side_augmentation,1,0.0,0,,,,,,,,,,14.0,0.0,0.0,,,,0.0
usaco,1255_silver_circular_barn,15,2,2,10,0.0,code_agent_tool_registry; harness_side_augmentation,1,0.0,0,,,,,,,,,,14.0,0.0,0.0,,,,0.0
usaco,1257_gold_bribing_friends,15,2,2,10,0.0,code_agent_tool_registry; harness_side_augmentation,1,0.0,0,,,,,,,,,,14.0,0.0,0.0,,,,0.0
usaco,1259_gold_strongest_friendship_group,15,2,2,10,0.0,code_agent_tool_registry; harness_side_augmentation,1,0.0,0,,,,,,,,,,14.0,0.0,0.0,,,,0.0
usaco,125_silver_flowerpot,15,2,2,10,0.0,code_agent_tool_registry; harness_side_augmentation,1,0.0,0,,,,,,,,,,14.0,0.0,0.0,,,,0.0
usaco,1260_platinum_breakdown,15,2,2,10,0.0,code_agent_tool_registry; harness_side_augmentation,1,0.0,0,,,,,,,,,,14.0,0.0,0.0,,,,0.0
usaco,1262_platinum_palindromes,15,2,2,10,0.0,code_agent_tool_registry; harness_side_augmentation,1,0.0,0,,,,,,,,,,14.0,0.0,0.0,,,,0.0
usaco,126_silver_landscaping,15,2,2,10,0.0,code_agent_tool_registry; harness_side_augmentation,1,0.0,0,,,,,,,,,,14.0,0.0,0.0,,,,0.0
usaco,1275_bronze_leaders,15,2,2,10,0.0,code_agent_tool_registry; harness_side_augmentation,1,0.0,0,,,,,,,,,,14.0,0.0,0.0,,,,0.0
usaco,1276_bronze_air_cownditioning_ii,15,2,2,10,0.0,code_agent_tool_registry; harness_side_augmentation,1,0.0,0,,,,,,,,,,14.0,0.0,0.0,,,,0.0
usaco,1277_bronze_moo_operations,15,2,2,10,0.0,code_agent_tool_registry; harness_side_augmentation,1,0.0,0,,,,,,,,,,14.0,0.0,0.0,,,,0.0
usaco,1278_silver_find_and_replace,15,2,2,10,0.0,code_agent_tool_registry; harness_side_augmentation,1,0.0,0,,,,,,,,,,14.0,0.0,0.0,,,,0.0
usaco,1279_silver_following_directions,15,2,2,10,0.0,code_agent_tool_registry; harness_side_augmentation,1,0.0,0,,,,,,,,,,14.0,0.0,0.0,,,,0.0
usaco,127_gold_large_banner,15,2,2,10,0.0,code_agent_tool_registry; harness_side_augmentation,1,0.0,0,,,,,,,,,,14.0,0.0,0.0,,,,0.0
usaco,1281_gold_find_and_replace,15,2,2,10,0.0,code_agent_tool_registry; harness_side_augmentation,1,0.0,0,,,,,,,,,,14.0,0.0,0.0,,,,0.0
usaco,128_gold_haybale_restacking,15,2,2,10,0.0,code_agent_tool_registry; harness_side_augmentation,1,0.0,0,,,,,,,,,,14.0,0.0,0.0,,,,0.0
usaco,1299_bronze_hungry_cow,15,2,2,10,0.0,code_agent_tool_registry; harness_side_augmentation,1,0.0,0,,,,,,,,,,14.0,0.0,0.0,,,,0.0
usaco,1300_bronze_stamp_grid,15,2,2,10,0.0,code_agent_tool_registry; harness_side_augmentation,1,0.0,0,,,,,,,,,,14.0,0.0,0.0,,,,0.0
usaco,1301_bronze_watching_mooloo,15,2,2,10,0.0,code_agent_tool_registry; harness_side_augmentation,1,0.0,0,,,,,,,,,,14.0,0.0,0.0,,,,0.0
usaco,1302_silver_bakery,15,2,2,10,0.0,code_agent_tool_registry; harness_side_augmentation,1,0.0,0,,,,,,,,,,14.0,0.0,0.0,,,,0.0
usaco,1303_silver_cow-libi,15,2,2,10,0.0,code_agent_tool_registry; harness_side_augmentation,1,0.0,0,,,,,,,,,,14.0,0.0,0.0,,,,0.0
usaco,130_bronze_cows_in_a_row,15,2,2,10,0.0,code_agent_tool_registry; harness_side_augmentation,1,0.0,0,,,,,,,,,,14.0,0.0,0.0,,,,0.0
usaco,131_bronze_three_lines,15,2,2,10,0.0,code_agent_tool_registry; harness_side_augmentation,1,0.0,0,,,,,,,,,,14.0,0.0,0.0,,,,0.0
usaco,1325_bronze_rotate_and_shift,15,2,2,10,0.0,code_agent_tool_registry; harness_side_augmentation,1,0.0,0,,,,,,,,,,14.0,0.0,0.0,,,,0.0
usaco,1326_silver_milk_sum,15,2,2,10,0.0,code_agent_tool_registry; harness_side_augmentation,1,0.0,0,,,,,,,,,,14.0,0.0,0.0,,,,0.0
usaco,1327_silver_field_day,15,2,2,10,0.0,code_agent_tool_registry; harness_side_augmentation,1,0.0,0,,,,,,,,,,14.0,0.0,0.0,,,,0.0
usaco,1328_silver_pareidolia,15,2,2,10,0.0,code_agent_tool_registry; harness_side_augmentation,1,0.0,0,,,,,,,,,,14.0,0.0,0.0,,,,0.0
usaco,132_bronze_islands,15,2,2,10,0.0,code_agent_tool_registry; harness_side_augmentation,1,0.0,0,,,,,,,,,,14.0,0.0,0.0,,,,0.0
usaco,1330_gold_pareidolia,15,2,2,10,0.0,code_agent_tool_registry; harness_side_augmentation,1,0.0,0,,,,,,,,,,14.0,0.0,0.0,,,,0.0
usaco,1333_platinum_good_bitstrings,15,2,2,10,0.0,code_agent_tool_registry; harness_side_augmentation,1,0.0,0,,,,,,,,,,14.0,0.0,0.0,,,,0.0
usaco,133_bronze_unlocking_blocks,15,2,2,10,0.0,code_agent_tool_registry; harness_side_augmentation,1,0.0,0,,,,,,,,,,14.0,0.0,0.0,,,,0.0
usaco,134_silver_unlocking_blocks_(silver),15,2,2,10,0.0,code_agent_tool_registry; harness_side_augmentation,1,0.0,0,,,,,,,,,,14.0,0.0,0.0,,,,0.0
usaco,136_silver_running_laps,15,2,2,10,0.0,code_agent_tool_registry; harness_side_augmentation,1,0.0,0,,,,,,,,,,14.0,0.0,0.0,,,,0.0
usaco,137_gold_tied_down,15,2,2,10,0.0,code_agent_tool_registry; harness_side_augmentation,1,0.0,0,,,,,,,,,,14.0,0.0,0.0,,,,0.0
usaco,187_bronze_find_the_cow!,15,2,2,10,0.0,code_agent_tool_registry; harness_side_augmentation,1,0.0,0,,,,,,,,,,14.0,0.0,0.0,,,,0.0
usaco,188_bronze_typo,15,2,2,10,0.0,code_agent_tool_registry; harness_side_augmentation,1,0.0,0,,,,,,,,,,14.0,0.0,0.0,,,,0.0
usaco,189_bronze_horseshoes,15,2,2,10,0.0,code_agent_tool_registry; harness_side_augmentation,1,0.0,0,,,,,,,,,,14.0,0.0,0.0,,,,0.0
usaco,190_silver_clumsy_cows,15,2,2,10,0.0,code_agent_tool_registry; harness_side_augmentation,1,0.0,0,,,,,,,,,,14.0,0.0,0.0,,,,0.0
usaco,191_silver_distant_pastures,15,2,2,10,0.0,code_agent_tool_registry; harness_side_augmentation,1,0.0,0,,,,,,,,,,14.0,0.0,0.0,,,,0.0
usaco,192_silver_balanced_cow_breeds,15,2,2,10,0.0,code_agent_tool_registry; harness_side_augmentation,1,0.0,0,,,,,,,,,,14.0,0.0,0.0,,,,0.0
usaco,193_gold_balanced_cow_breeds,15,2,2,10,0.0,code_agent_tool_registry; harness_side_augmentation,1,0.0,0,,,,,,,,,,14.0,0.0,0.0,,,,0.0
usaco,194_gold_concurrently_balanced_strings,15,2,2,10,0.0,code_agent_tool_registry; harness_side_augmentation,1,0.0,0,,,,,,,,,,14.0,0.0,0.0,,,,0.0
usaco,205_bronze_meet_and_greet,15,2,2,10,0.0,code_agent_tool_registry; harness_side_augmentation,1,0.0,0,,,,,,,,,,14.0,0.0,0.0,,,,0.0
usaco,206_bronze_scrambled_letters,15,2,2,10,0.0,code_agent_tool_registry; harness_side_augmentation,1,0.0,0,,,,,,,,,,14.0,0.0,0.0,,,,0.0
usaco,209_silver_wifi_setup,15,2,2,10,0.0,code_agent_tool_registry; harness_side_augmentation,1,0.0,0,,,,,,,,,,14.0,0.0,0.0,,,,0.0
usaco,210_silver_milk_routing,15,2,2,10,0.0,code_agent_tool_registry; harness_side_augmentation,1,0.0,0,,,,,,,,,,14.0,0.0,0.0,,,,0.0
usaco,223_bronze_mirrors,15,2,2,10,0.0,code_agent_tool_registry; harness_side_augmentation,1,0.0,0,,,,,,,,,,14.0,0.0,0.0,,,,0.0
usaco,225_bronze_liars_and_truth_tellers,15,2,2,10,0.0,code_agent_tool_registry; harness_side_augmentation,1,0.0,0,,,,,,,,,,14.0,0.0,0.0,,,,0.0
usaco,226_silver_painting_the_fence,15,2,2,10,0.0,code_agent_tool_registry; harness_side_augmentation,1,0.0,0,,,,,,,,,,14.0,0.0,0.0,,,,0.0
usaco,228_silver_party_invitations,15,2,2,10,0.0,code_agent_tool_registry; harness_side_augmentation,1,0.0,0,,,,,,,,,,14.0,0.0,0.0,,,,0.0
usaco,229_gold_cow_lineup,15,2,2,10,0.0,code_agent_tool_registry; harness_side_augmentation,1,0.0,0,,,,,,,,,,14.0,0.0,0.0,,,,0.0
usaco,230_gold_island_travels,15,2,2,10,0.0,code_agent_tool_registry; harness_side_augmentation,1,0.0,0,,,,,,,,,,14.0,0.0,0.0,,,,0.0
usaco,241_bronze_message_relay,15,2,2,10,0.0,code_agent_tool_registry; harness_side_augmentation,1,0.0,0,,,,,,,,,,14.0,0.0,0.0,,,,0.0
usaco,242_bronze_cow_crossings,15,2,2,10,0.0,code_agent_tool_registry; harness_side_augmentation,1,0.0,0,,,,,,,,,,14.0,0.0,0.0,,,,0.0
usaco,243_bronze_perimeter,15,2,2,10,0.0,code_agent_tool_registry; harness_side_augmentation,1,0.0,0,,,,,,,,,,14.0,0.0,0.0,,,,0.0
usaco,244_silver_perimeter,15,2,2,10,0.0,code_agent_tool_registry; harness_side_augmentation,1,0.0,0,,,,,,,,,,14.0,0.0,0.0,,,,0.0
usaco,246_silver_milk_scheduling,15,2,2,10,0.0,code_agent_tool_registry; harness_side_augmentation,1,0.0,0,,,,,,,,,,14.0,0.0,0.0,,,,0.0
usaco,247_gold_partitioning_the_farm,15,2,2,10,0.0,code_agent_tool_registry; harness_side_augmentation,1,0.0,0,,,,,,,,,,14.0,0.0,0.0,,,,0.0
usaco,248_gold_taxi,15,2,2,10,0.0,code_agent_tool_registry; harness_side_augmentation,1,0.0,0,,,,,,,,,,14.0,0.0,0.0,,,,0.0
usaco,249_gold_route_design,15,2,2,10,0.0,code_agent_tool_registry; harness_side_augmentation,1,0.0,0,,,,,,,,,,14.0,0.0,0.0,,,,0.0
usaco,259_bronze_cow_race,15,2,2,10,0.0,code_agent_tool_registry; harness_side_augmentation,1,0.0,0,,,,,,,,,,14.0,0.0,0.0,,,,0.0
usaco,260_bronze_breed_proximity,15,2,2,10,0.0,code_agent_tool_registry; harness_side_augmentation,1,0.0,0,,,,,,,,,,14.0,0.0,0.0,,,,0.0
usaco,261_bronze_breed_assignment,15,2,2,10,0.0,code_agent_tool_registry; harness_side_augmentation,1,0.0,0,,,,,,,,,,14.0,0.0,0.0,,,,0.0
usaco,262_silver_poker_hands,15,2,2,10,0.0,code_agent_tool_registry; harness_side_augmentation,1,0.0,0,,,,,,,,,,14.0,0.0,0.0,,,,0.0
usaco,263_silver_farm_painting,15,2,2,10,0.0,code_agent_tool_registry; harness_side_augmentation,1,0.0,0,,,,,,,,,,14.0,0.0,0.0,,,,0.0
usaco,267_gold_necklace,15,2,2,10,0.0,code_agent_tool_registry; harness_side_augmentation,1,0.0,0,,,,,,,,,,14.0,0.0,0.0,,,,0.0
usaco,278_bronze_bovine_ballet,15,2,2,10,0.0,code_agent_tool_registry; harness_side_augmentation,1,0.0,0,,,,,,,,,,14.0,0.0,0.0,,,,0.0
usaco,280_bronze_photo,15,2,2,10,0.0,code_agent_tool_registry; harness_side_augmentation,1,0.0,0,,,,,,,,,,14.0,0.0,0.0,,,,0.0
usaco,281_bronze_haywire,15,2,2,10,0.0,code_agent_tool_registry; harness_side_augmentation,1,0.0,0,,,,,,,,,,14.0,0.0,0.0,,,,0.0
usaco,283_silver_fuel_economy,15,2,2,10,0.0,code_agent_tool_registry; harness_side_augmentation,1,0.0,0,,,,,,,,,,14.0,0.0,0.0,,,,0.0
usaco,340_bronze_combination_lock,15,2,2,10,0.0,code_agent_tool_registry; harness_side_augmentation,1,0.0,0,,,,,,,,,,14.0,0.0,0.0,,,,0.0
usaco,341_bronze_goldilocks_and_the_n_cows,15,2,2,10,0.0,code_agent_tool_registry; harness_side_augmentation,1,0.0,0,,,,,,,,,,14.0,0.0,0.0,,,,0.0
usaco,342_bronze_farmer_john_has_no_large_brown_cow,15,2,2,10,0.0,code_agent_tool_registry; harness_side_augmentation,1,0.0,0,,,,,,,,,,14.0,0.0,0.0,,,,0.0
usaco,343_silver_farmer_john_has_no_large_brown_cow,15,2,2,10,0.0,code_agent_tool_registry; harness_side_augmentation,1,0.0,0,,,,,,,,,,14.0,0.0,0.0,,,,0.0
usaco,344_silver_crowded_cows,15,2,2,10,0.0,code_agent_tool_registry; harness_side_augmentation,1,0.0,0,,,,,,,,,,14.0,0.0,0.0,,,,0.0
usaco,345_silver_pogo-cow,15,2,2,10,0.0,code_agent_tool_registry; harness_side_augmentation,1,0.0,0,,,,,,,,,,14.0,0.0,0.0,,,,0.0
usaco,346_gold_empty_stalls,15,2,2,10,0.0,code_agent_tool_registry; harness_side_augmentation,1,0.0,0,,,,,,,,,,14.0,0.0,0.0,,,,0.0
usaco,347_gold_line_of_sight,15,2,2,10,0.0,code_agent_tool_registry; harness_side_augmentation,1,0.0,0,,,,,,,,,,14.0,0.0,0.0,,,,0.0
usaco,358_bronze_record_keeping,15,2,2,10,0.0,code_agent_tool_registry; harness_side_augmentation,1,0.0,0,,,,,,,,,,14.0,0.0,0.0,,,,0.0
usaco,359_bronze_cow_baseball,15,2,2,10,0.0,code_agent_tool_registry; harness_side_augmentation,1,0.0,0,,,,,,,,,,14.0,0.0,0.0,,,,0.0
usaco,360_bronze_wormholes,15,2,2,10,0.0,code_agent_tool_registry; harness_side_augmentation,1,0.0,0,,,,,,,,,,14.0,0.0,0.0,,,,0.0
usaco,361_silver_milk_scheduling,15,2,2,10,0.0,code_agent_tool_registry; harness_side_augmentation,1,0.0,0,,,,,,,,,,14.0,0.0,0.0,,,,0.0
usaco,362_silver_vacation_planning,15,2,2,10,0.0,code_agent_tool_registry; harness_side_augmentation,1,0.0,0,,,,,,,,,,14.0,0.0,0.0,,,,0.0
usaco,365_gold_optimal_milking,15,2,2,10,0.0,code_agent_tool_registry; harness_side_augmentation,1,0.0,0,,,,,,,,,,14.0,0.0,0.0,,,,0.0
usaco,376_bronze_ski_course_design,15,2,2,10,0.0,code_agent_tool_registry; harness_side_augmentation,1,0.0,0,,,,,,,,,,14.0,0.0,0.0,,,,0.0
usaco,377_bronze_bessie_slows_down,15,2,2,10,0.0,code_agent_tool_registry; harness_side_augmentation,1,0.0,0,,,,,,,,,,14.0,0.0,0.0,,,,0.0
usaco,378_bronze_balanced_teams,15,2,2,10,0.0,code_agent_tool_registry; harness_side_augmentation,1,0.0,0,,,,,,,,,,14.0,0.0,0.0,,,,0.0
usaco,379_silver_bessie_slows_down,15,2,2,10,0.0,code_agent_tool_registry; harness_side_augmentation,1,0.0,0,,,,,,,,,,14.0,0.0,0.0,,,,0.0
usaco,380_silver_cross_country_skiing,15,2,2,10,0.0,code_agent_tool_registry; harness_side_augmentation,1,0.0,0,,,,,,,,,,14.0,0.0,0.0,,,,0.0
usaco,381_silver_recording_the_moolympics,15,2,2,10,0.0,code_agent_tool_registry; harness_side_augmentation,1,0.0,0,,,,,,,,,,14.0,0.0,0.0,,,,0.0
usaco,394_bronze_mirror_field,15,2,2,10,0.0,code_agent_tool_registry; harness_side_augmentation,1,0.0,0,,,,,,,,,,14.0,0.0,0.0,,,,0.0
usaco,395_bronze_auto-complete,15,2,2,10,0.0,code_agent_tool_registry; harness_side_augmentation,1,0.0,0,,,,,,,,,,14.0,0.0,0.0,,,,0.0
usaco,396_bronze_secret_code,15,2,2,10,0.0,code_agent_tool_registry; harness_side_augmentation,1,0.0,0,,,,,,,,,,14.0,0.0,0.0,,,,0.0
usaco,397_silver_auto-complete,15,2,2,10,0.0,code_agent_tool_registry; harness_side_augmentation,1,0.0,0,,,,,,,,,,14.0,0.0,0.0,,,,0.0
usaco,398_silver_roadblock,15,2,2,10,0.0,code_agent_tool_registry; harness_side_augmentation,1,0.0,0,,,,,,,,,,14.0,0.0,0.0,,,,0.0
usaco,400_gold_roadblock,15,2,2,10,0.0,code_agent_tool_registry; harness_side_augmentation,1,0.0,0,,,,,,,,,,14.0,0.0,0.0,,,,0.0
usaco,401_gold_cow_decathlon,15,2,2,10,0.0,code_agent_tool_registry; harness_side_augmentation,1,0.0,0,,,,,,,,,,14.0,0.0,0.0,,,,0.0
usaco,412_bronze_reordering_the_cows,15,2,2,10,0.0,code_agent_tool_registry; harness_side_augmentation,1,0.0,0,,,,,,,,,,14.0,0.0,0.0,,,,0.0
usaco,413_bronze_the_lazy_cow,15,2,2,10,0.0,code_agent_tool_registry; harness_side_augmentation,1,0.0,0,,,,,,,,,,14.0,0.0,0.0,,,,0.0
usaco,415_silver_watering_the_fields,15,2,2,10,0.0,code_agent_tool_registry; harness_side_augmentation,1,0.0,0,,,,,,,,,,14.0,0.0,0.0,,,,0.0
usaco,417_silver_mooo_moo,15,2,2,10,0.0,code_agent_tool_registry; harness_side_augmentation,1,0.0,0,,,,,,,,,,14.0,0.0,0.0,,,,0.0
usaco,430_bronze_odometer,15,2,2,10,0.0,code_agent_tool_registry; harness_side_augmentation,1,0.0,0,,,,,,,,,,14.0,0.0,0.0,,,,0.0
usaco,431_bronze_fair_photography,15,2,2,10,0.0,code_agent_tool_registry; harness_side_augmentation,1,0.0,0,,,,,,,,,,14.0,0.0,0.0,,,,0.0
usaco,432_bronze_decorating_the_pastures,15,2,2,10,0.0,code_agent_tool_registry; harness_side_augmentation,1,0.0,0,,,,,,,,,,14.0,0.0,0.0,,,,0.0
usaco,433_silver_fair_photography,15,2,2,10,0.0,code_agent_tool_registry; harness_side_augmentation,1,0.0,0,,,,,,,,,,14.0,0.0,0.0,,,,0.0
usaco,434_silver_dueling_gpss,15,2,2,10,0.0,code_agent_tool_registry; harness_side_augmentation,1,0.0,0,,,,,,,,,,14.0,0.0,0.0,,,,0.0
usaco,436_gold_fair_photography,15,2,2,10,0.0,code_agent_tool_registry; harness_side_augmentation,1,0.0,0,,,,,,,,,,14.0,0.0,0.0,,,,0.0
usaco,545_bronze_moocryption,15,2,2,10,0.0,code_agent_tool_registry; harness_side_augmentation,1,0.0,0,,,,,,,,,,14.0,0.0,0.0,,,,0.0
usaco,546_bronze_bessie_gets_even,15,2,2,10,0.0,code_agent_tool_registry; harness_side_augmentation,1,0.0,0,,,,,,,,,,14.0,0.0,0.0,,,,0.0
usaco,547_bronze_trapped_in_the_haybales_(bronze),15,2,2,10,0.0,code_agent_tool_registry; harness_side_augmentation,1,0.0,0,,,,,,,,,,14.0,0.0,0.0,,,,0.0
usaco,548_bronze_palindromic_paths_(bronze),15,2,2,10,0.0,code_agent_tool_registry; harness_side_augmentation,1,0.0,0,,,,,,,,,,14.0,0.0,0.0,,,,0.0
usaco,549_silver_bessie_goes_moo,15,2,2,10,0.0,code_agent_tool_registry; harness_side_augmentation,1,0.0,0,,,,,,,,,,14.0,0.0,0.0,,,,0.0
usaco,550_silver_trapped_in_the_haybales_(silver),15,2,2,10,0.0,code_agent_tool_registry; harness_side_augmentation,1,0.0,0,,,,,,,,,,14.0,0.0,0.0,,,,0.0
usaco,553_gold_palindromic_paths,15,2,2,10,0.0,code_agent_tool_registry; harness_side_augmentation,1,0.0,0,,,,,,,,,,14.0,0.0,0.0,,,,0.0
usaco,554_gold_trapped_in_the_haybales_(gold),15,2,2,10,0.0,code_agent_tool_registry; harness_side_augmentation,1,0.0,0,,,,,,,,,,14.0,0.0,0.0,,,,0.0
usaco,639_bronze_diamond_collector,15,2,2,10,0.0,code_agent_tool_registry; harness_side_augmentation,1,0.0,0,,,,,,,,,,14.0,0.0,0.0,,,,0.0
usaco,640_bronze_bull_in_a_china_shop,15,2,2,10,0.0,code_agent_tool_registry; harness_side_augmentation,1,0.0,0,,,,,,,,,,14.0,0.0,0.0,,,,0.0
usaco,641_bronze_field_reduction,15,2,2,10,0.0,code_agent_tool_registry; harness_side_augmentation,1,0.0,0,,,,,,,,,,14.0,0.0,0.0,,,,0.0
usaco,642_silver_field_reduction,15,2,2,10,0.0,code_agent_tool_registry; harness_side_augmentation,1,0.0,0,,,,,,,,,,14.0,0.0,0.0,,,,0.0
usaco,643_silver_diamond_collector,15,2,2,10,0.0,code_agent_tool_registry; harness_side_augmentation,1,0.0,0,,,,,,,,,,14.0,0.0,0.0,,,,0.0
usaco,644_silver_closing_the_farm,15,2,2,10,0.0,code_agent_tool_registry; harness_side_augmentation,1,0.0,0,,,,,,,,,,14.0,0.0,0.0,,,,0.0
usaco,646_gold_closing_the_farm,15,2,2,10,0.0,code_agent_tool_registry; harness_side_augmentation,1,0.0,0,,,,,,,,,,14.0,0.0,0.0,,,,0.0
usaco,647_gold_248,15,2,2,10,0.0,code_agent_tool_registry; harness_side_augmentation,1,0.0,0,,,,,,,,,,14.0,0.0,0.0,,,,0.0
usaco,648_platinum_262144,15,2,2,10,0.0,code_agent_tool_registry; harness_side_augmentation,1,0.0,0,,,,,,,,,,14.0,0.0,0.0,,,,0.0
usaco,735_bronze_the_lost_cow,15,2,2,10,0.0,code_agent_tool_registry; harness_side_augmentation,1,0.0,0,,,,,,,,,,14.0,0.0,0.0,,,,0.0
usaco,736_bronze_bovine_genomics,15,2,2,10,0.0,code_agent_tool_registry; harness_side_augmentation,1,0.0,0,,,,,,,,,,14.0,0.0,0.0,,,,0.0
usaco,737_bronze_modern_art,15,2,2,10,0.0,code_agent_tool_registry; harness_side_augmentation,1,0.0,0,,,,,,,,,,14.0,0.0,0.0,,,,0.0
usaco,738_silver_paired_up,15,2,2,10,0.0,code_agent_tool_registry; harness_side_augmentation,1,0.0,0,,,,,,,,,,14.0,0.0,0.0,,,,0.0
usaco,739_silver_bovine_genomics,15,2,2,10,0.0,code_agent_tool_registry; harness_side_augmentation,1,0.0,0,,,,,,,,,,14.0,0.0,0.0,,,,0.0
usaco,741_gold_bovine_genomics,15,2,2,10,0.0,code_agent_tool_registry; harness_side_augmentation,1,0.0,0,,,,,,,,,,14.0,0.0,0.0,,,,0.0
usaco,759_bronze_blocked_billboard,15,2,2,10,0.0,code_agent_tool_registry; harness_side_augmentation,1,0.0,0,,,,,,,,,,14.0,0.0,0.0,,,,0.0
usaco,760_bronze_the_bovine_shuffle,15,2,2,10,0.0,code_agent_tool_registry; harness_side_augmentation,1,0.0,0,,,,,,,,,,14.0,0.0,0.0,,,,0.0
usaco,761_bronze_milk_measurement,15,2,2,10,0.0,code_agent_tool_registry; harness_side_augmentation,1,0.0,0,,,,,,,,,,14.0,0.0,0.0,,,,0.0
usaco,762_silver_my_cow_ate_my_homework,15,2,2,10,0.0,code_agent_tool_registry; harness_side_augmentation,1,0.0,0,,,,,,,,,,14.0,0.0,0.0,,,,0.0
usaco,763_silver_milk_measurement,15,2,2,10,0.0,code_agent_tool_registry; harness_side_augmentation,1,0.0,0,,,,,,,,,,14.0,0.0,0.0,,,,0.0
usaco,764_silver_the_bovine_shuffle,15,2,2,10,0.0,code_agent_tool_registry; harness_side_augmentation,1,0.0,0,,,,,,,,,,14.0,0.0,0.0,,,,0.0
usaco,766_gold_barn_painting,15,2,2,10,0.0,code_agent_tool_registry; harness_side_augmentation,1,0.0,0,,,,,,,,,,14.0,0.0,0.0,,,,0.0
usaco,767_gold_haybale_feast,15,2,2,10,0.0,code_agent_tool_registry; harness_side_augmentation,1,0.0,0,,,,,,,,,,14.0,0.0,0.0,,,,0.0
usaco,783_bronze_blocked_billboard_ii,15,2,2,10,0.0,code_agent_tool_registry; harness_side_augmentation,1,0.0,0,,,,,,,,,,14.0,0.0,0.0,,,,0.0
usaco,784_bronze_lifeguards,15,2,2,10,0.0,code_agent_tool_registry; harness_side_augmentation,1,0.0,0,,,,,,,,,,14.0,0.0,0.0,,,,0.0
usaco,785_bronze_out_of_place,15,2,2,10,0.0,code_agent_tool_registry; harness_side_augmentation,1,0.0,0,,,,,,,,,,14.0,0.0,0.0,,,,0.0
usaco,786_silver_lifeguards,15,2,2,10,0.0,code_agent_tool_registry; harness_side_augmentation,1,0.0,0,,,,,,,,,,14.0,0.0,0.0,,,,0.0
usaco,787_silver_rental_service,15,2,2,10,0.0,code_agent_tool_registry; harness_side_augmentation,1,0.0,0,,,,,,,,,,14.0,0.0,0.0,,,,0.0
usaco,788_silver_mootube,15,2,2,10,0.0,code_agent_tool_registry; harness_side_augmentation,1,0.0,0,,,,,,,,,,14.0,0.0,0.0,,,,0.0
usaco,789_gold_mootube,15,2,2,10,0.0,code_agent_tool_registry; harness_side_augmentation,1,0.0,0,,,,,,,,,,14.0,0.0,0.0,,,,0.0
usaco,791_gold_stamp_painting,15,2,2,10,0.0,code_agent_tool_registry; harness_side_augmentation,1,0.0,0,,,,,,,,,,14.0,0.0,0.0,,,,0.0
usaco,794_platinum_sprinklers,15,2,2,10,0.0,code_agent_tool_registry; harness_side_augmentation,1,0.0,0,,,,,,,,,,14.0,0.0,0.0,,,,0.0
usaco,808_bronze_hoofball,15,2,2,10,0.0,code_agent_tool_registry; harness_side_augmentation,1,0.0,0,,,,,,,,,,14.0,0.0,0.0,,,,0.0
usaco,809_bronze_taming_the_herd,15,2,2,10,0.0,code_agent_tool_registry; harness_side_augmentation,1,0.0,0,,,,,,,,,,14.0,0.0,0.0,,,,0.0
usaco,810_silver_rest_stops,15,2,2,10,0.0,code_agent_tool_registry; harness_side_augmentation,1,0.0,0,,,,,,,,,,14.0,0.0,0.0,,,,0.0
usaco,811_silver_snow_boots,15,2,2,10,0.0,code_agent_tool_registry; harness_side_augmentation,1,0.0,0,,,,,,,,,,14.0,0.0,0.0,,,,0.0
usaco,812_silver_teleportation,15,2,2,10,0.0,code_agent_tool_registry; harness_side_augmentation,1,0.0,0,,,,,,,,,,14.0,0.0,0.0,,,,0.0
usaco,813_gold_snow_boots,15,2,2,10,0.0,code_agent_tool_registry; harness_side_augmentation,1,0.0,0,,,,,,,,,,14.0,0.0,0.0,,,,0.0
usaco,815_gold_taming_the_herd,15,2,2,10,0.0,code_agent_tool_registry; harness_side_augmentation,1,0.0,0,,,,,,,,,,14.0,0.0,0.0,,,,0.0
usaco,818_platinum_cow_gymnasts,15,2,2,10,0.0,code_agent_tool_registry; harness_side_augmentation,1,0.0,0,,,,,,,,,,14.0,0.0,0.0,,,,0.0
usaco,831_bronze_team_tic_tac_toe,15,2,2,10,0.0,code_agent_tool_registry; harness_side_augmentation,1,0.0,0,,,,,,,,,,14.0,0.0,0.0,,,,0.0
usaco,832_bronze_milking_order,15,2,2,10,0.0,code_agent_tool_registry; harness_side_augmentation,1,0.0,0,,,,,,,,,,14.0,0.0,0.0,,,,0.0
usaco,833_bronze_family_tree,15,2,2,10,0.0,code_agent_tool_registry; harness_side_augmentation,1,0.0,0,,,,,,,,,,14.0,0.0,0.0,,,,0.0
usaco,834_silver_out_of_sorts,15,2,2,10,0.0,code_agent_tool_registry; harness_side_augmentation,1,0.0,0,,,,,,,,,,14.0,0.0,0.0,,,,0.0
usaco,835_silver_lemonade_line,15,2,2,10,0.0,code_agent_tool_registry; harness_side_augmentation,1,0.0,0,,,,,,,,,,14.0,0.0,0.0,,,,0.0
usaco,837_gold_out_of_sorts,15,2,2,10,0.0,code_agent_tool_registry; harness_side_augmentation,1,0.0,0,,,,,,,,,,14.0,0.0,0.0,,,,0.0
usaco,839_gold_talent_show,15,2,2,10,0.0,code_agent_tool_registry; harness_side_augmentation,1,0.0,0,,,,,,,,,,14.0,0.0,0.0,,,,0.0
usaco,840_platinum_out_of_sorts,15,2,2,10,0.0,code_agent_tool_registry; harness_side_augmentation,1,0.0,0,,,,,,,,,,14.0,0.0,0.0,,,,0.0
usaco,84_bronze_contest_timing,15,2,2,10,0.0,code_agent_tool_registry; harness_side_augmentation,1,0.0,0,,,,,,,,,,14.0,0.0,0.0,,,,0.0
usaco,855_bronze_mixing_milk,15,2,2,10,0.0,code_agent_tool_registry; harness_side_augmentation,1,0.0,0,,,,,,,,,,14.0,0.0,0.0,,,,0.0
usaco,856_bronze_the_bucket_list,15,2,2,10,0.0,code_agent_tool_registry; harness_side_augmentation,1,0.0,0,,,,,,,,,,14.0,0.0,0.0,,,,0.0
usaco,857_bronze_back_and_forth,15,2,2,10,0.0,code_agent_tool_registry; harness_side_augmentation,1,0.0,0,,,,,,,,,,14.0,0.0,0.0,,,,0.0
usaco,860_silver_mooyo_mooyo,15,2,2,10,0.0,code_agent_tool_registry; harness_side_augmentation,1,0.0,0,,,,,,,,,,14.0,0.0,0.0,,,,0.0
usaco,861_gold_fine_dining,15,2,2,10,0.0,code_agent_tool_registry; harness_side_augmentation,1,0.0,0,,,,,,,,,,14.0,0.0,0.0,,,,0.0
usaco,862_gold_cowpatibility,15,2,2,10,0.0,code_agent_tool_registry; harness_side_augmentation,1,0.0,0,,,,,,,,,,14.0,0.0,0.0,,,,0.0
usaco,863_gold_teamwork,15,2,2,10,0.0,code_agent_tool_registry; harness_side_augmentation,1,0.0,0,,,,,,,,,,14.0,0.0,0.0,,,,0.0
usaco,864_platinum_balance_beam,15,2,2,10,0.0,code_agent_tool_registry; harness_side_augmentation,1,0.0,0,,,,,,,,,,14.0,0.0,0.0,,,,0.0
usaco,865_platinum_sort_it_out,15,2,2,10,0.0,code_agent_tool_registry; harness_side_augmentation,1,0.0,0,,,,,,,,,,14.0,0.0,0.0,,,,0.0
usaco,866_platinum_the_cow_gathering,15,2,2,10,0.0,code_agent_tool_registry; harness_side_augmentation,1,0.0,0,,,,,,,,,,14.0,0.0,0.0,,,,0.0
usaco,86_bronze_moo_sick,15,2,2,10,0.0,code_agent_tool_registry; harness_side_augmentation,1,0.0,0,,,,,,,,,,14.0,0.0,0.0,,,,0.0
usaco,87_bronze_cow_beauty_pageant_(bronze_level),15,2,2,10,0.0,code_agent_tool_registry; harness_side_augmentation,1,0.0,0,,,,,,,,,,14.0,0.0,0.0,,,,0.0
usaco,88_silver_cow_beauty_pageant_(silver_level),15,2,2,10,0.0,code_agent_tool_registry; harness_side_augmentation,1,0.0,0,,,,,,,,,,14.0,0.0,0.0,,,,0.0
usaco,891_bronze_shell_game,15,2,2,10,0.0,code_agent_tool_registry; harness_side_augmentation,1,0.0,0,,,,,,,,,,14.0,0.0,0.0,,,,0.0
usaco,892_bronze_sleepy_cow_sorting,15,2,2,10,0.0,code_agent_tool_registry; harness_side_augmentation,1,0.0,0,,,,,,,,,,14.0,0.0,0.0,,,,0.0
usaco,893_bronze_guess_the_animal,15,2,2,10,0.0,code_agent_tool_registry; harness_side_augmentation,1,0.0,0,,,,,,,,,,14.0,0.0,0.0,,,,0.0
usaco,894_silver_grass_planting,15,2,2,10,0.0,code_agent_tool_registry; harness_side_augmentation,1,0.0,0,,,,,,,,,,14.0,0.0,0.0,,,,0.0
usaco,896_silver_mountain_view,15,2,2,10,0.0,code_agent_tool_registry; harness_side_augmentation,1,0.0,0,,,,,,,,,,14.0,0.0,0.0,,,,0.0
usaco,897_gold_cow_poetry,15,2,2,10,0.0,code_agent_tool_registry; harness_side_augmentation,1,0.0,0,,,,,,,,,,14.0,0.0,0.0,,,,0.0
usaco,898_gold_sleepy_cow_sorting,15,2,2,10,0.0,code_agent_tool_registry; harness_side_augmentation,1,0.0,0,,,,,,,,,,14.0,0.0,0.0,,,,0.0
usaco,89_silver_cow_lineup,15,2,2,10,0.0,code_agent_tool_registry; harness_side_augmentation,1,0.0,0,,,,,,,,,,14.0,0.0,0.0,,,,0.0
usaco,90_silver_tile_exchanging,15,2,2,10,0.0,code_agent_tool_registry; harness_side_augmentation,1,0.0,0,,,,,,,,,,14.0,0.0,0.0,,,,0.0
usaco,915_bronze_sleepy_cow_herding,15,2,2,10,0.0,code_agent_tool_registry; harness_side_augmentation,1,0.0,0,,,,,,,,,,14.0,0.0,0.0,,,,0.0
usaco,916_bronze_the_great_revegetation,15,2,2,10,0.0,code_agent_tool_registry; harness_side_augmentation,1,0.0,0,,,,,,,,,,14.0,0.0,0.0,,,,0.0
usaco,917_bronze_measuring_traffic,15,2,2,10,0.0,code_agent_tool_registry; harness_side_augmentation,1,0.0,0,,,,,,,,,,14.0,0.0,0.0,,,,0.0
usaco,918_silver_sleepy_cow_herding,15,2,2,10,0.0,code_agent_tool_registry; harness_side_augmentation,1,0.0,0,,,,,,,,,,14.0,0.0,0.0,,,,0.0
usaco,919_silver_painting_the_barn,15,2,2,10,0.0,code_agent_tool_registry; harness_side_augmentation,1,0.0,0,,,,,,,,,,14.0,0.0,0.0,,,,0.0
usaco,91_gold_above_the_median,15,2,2,10,0.0,code_agent_tool_registry; harness_side_augmentation,1,0.0,0,,,,,,,,,,14.0,0.0,0.0,,,,0.0
usaco,922_gold_dishwashing,15,2,2,10,0.0,code_agent_tool_registry; harness_side_augmentation,1,0.0,0,,,,,,,,,,14.0,0.0,0.0,,,,0.0
usaco,924_platinum_cow_dating,15,2,2,10,0.0,code_agent_tool_registry; harness_side_augmentation,1,0.0,0,,,,,,,,,,14.0,0.0,0.0,,,,0.0
usaco,925_platinum_moorio_kart,15,2,2,10,0.0,code_agent_tool_registry; harness_side_augmentation,1,0.0,0,,,,,,,,,,14.0,0.0,0.0,,,,0.0
usaco,92_gold_binary_sudoku,15,2,2,10,0.0,code_agent_tool_registry; harness_side_augmentation,1,0.0,0,,,,,,,,,,14.0,0.0,0.0,,,,0.0
usaco,939_bronze_bucket_brigade,15,2,2,10,0.0,code_agent_tool_registry; harness_side_augmentation,1,0.0,0,,,,,,,,,,14.0,0.0,0.0,,,,0.0
usaco,93_gold_cow_steeplechase,15,2,2,10,0.0,code_agent_tool_registry; harness_side_augmentation,1,0.0,0,,,,,,,,,,14.0,0.0,0.0,,,,0.0
usaco,940_bronze_milk_factory,15,2,2,10,0.0,code_agent_tool_registry; harness_side_augmentation,1,0.0,0,,,,,,,,,,14.0,0.0,0.0,,,,0.0
usaco,941_bronze_cow_evolution,15,2,2,10,0.0,code_agent_tool_registry; harness_side_augmentation,1,0.0,0,,,,,,,,,,14.0,0.0,0.0,,,,0.0
usaco,942_silver_left_out,15,2,2,10,0.0,code_agent_tool_registry; harness_side_augmentation,1,0.0,0,,,,,,,,,,14.0,0.0,0.0,,,,0.0
usaco,944_silver_fence_planning,15,2,2,10,0.0,code_agent_tool_registry; harness_side_augmentation,1,0.0,0,,,,,,,,,,14.0,0.0,0.0,,,,0.0
usaco,945_gold_snakes,15,2,2,10,0.0,code_agent_tool_registry; harness_side_augmentation,1,0.0,0,,,,,,,,,,14.0,0.0,0.0,,,,0.0
usaco,947_gold_balancing_inversions,15,2,2,10,0.0,code_agent_tool_registry; harness_side_augmentation,1,0.0,0,,,,,,,,,,14.0,0.0,0.0,,,,0.0
usaco,94_bronze_hay_bales,15,2,2,10,0.0,code_agent_tool_registry; harness_side_augmentation,1,0.0,0,,,,,,,,,,14.0,0.0,0.0,,,,0.0
usaco,950_platinum_valleys,15,2,2,10,0.0,code_agent_tool_registry; harness_side_augmentation,1,0.0,0,,,,,,,,,,14.0,0.0,0.0,,,,0.0
usaco,963_bronze_cow_gymnastics,15,2,2,10,0.0,code_agent_tool_registry; harness_side_augmentation,1,0.0,0,,,,,,,,,,14.0,0.0,0.0,,,,0.0
usaco,964_bronze_where_am_i?,15,2,2,10,0.0,code_agent_tool_registry; harness_side_augmentation,1,0.0,0,,,,,,,,,,14.0,0.0,0.0,,,,0.0
usaco,965_bronze_livestock_lineup,15,2,2,10,0.0,code_agent_tool_registry; harness_side_augmentation,1,0.0,0,,,,,,,,,,14.0,0.0,0.0,,,,0.0
usaco,966_silver_moobuzz,15,2,2,10,0.0,code_agent_tool_registry; harness_side_augmentation,1,0.0,0,,,,,,,,,,14.0,0.0,0.0,,,,0.0
usaco,967_silver_meetings,15,2,2,10,0.0,code_agent_tool_registry; harness_side_augmentation,1,0.0,0,,,,,,,,,,14.0,0.0,0.0,,,,0.0
usaco,969_gold_milk_pumping,15,2,2,10,0.0,code_agent_tool_registry; harness_side_augmentation,1,0.0,0,,,,,,,,,,14.0,0.0,0.0,,,,0.0
usaco,96_bronze_escaping_the_farm,15,2,2,10,0.0,code_agent_tool_registry; harness_side_augmentation,1,0.0,0,,,,,,,,,,14.0,0.0,0.0,,,,0.0
usaco,987_bronze_word_processor,15,2,2,10,0.0,code_agent_tool_registry; harness_side_augmentation,1,0.0,0,,,,,,,,,,14.0,0.0,0.0,,,,0.0
usaco,988_bronze_photoshoot,15,2,2,10,0.0,code_agent_tool_registry; harness_side_augmentation,1,0.0,0,,,,,,,,,,14.0,0.0,0.0,,,,0.0
usaco,989_bronze_race,15,2,2,10,0.0,code_agent_tool_registry; harness_side_augmentation,1,0.0,0,,,,,,,,,,14.0,0.0,0.0,,,,0.0
usaco,98_silver_roadblock,15,2,2,10,0.0,code_agent_tool_registry; harness_side_augmentation,1,0.0,0,,,,,,,,,,14.0,0.0,0.0,,,,0.0
usaco,990_silver_berry_picking,15,2,2,10,0.0,code_agent_tool_registry; harness_side_augmentation,1,0.0,0,,,,,,,,,,14.0,0.0,0.0,,,,0.0
usaco,991_silver_loan_repayment,15,2,2,10,0.0,code_agent_tool_registry; harness_side_augmentation,1,0.0,0,,,,,,,,,,14.0,0.0,0.0,,,,0.0
usaco,993_gold_time_is_mooney,15,2,2,10,0.0,code_agent_tool_registry; harness_side_augmentation,1,0.0,0,,,,,,,,,,14.0,0.0,0.0,,,,0.0
usaco,997_platinum_non-decreasing_subsequences,15,2,2,10,0.0,code_agent_tool_registry; harness_side_augmentation,1,0.0,0,,,,,,,,,,14.0,0.0,0.0,,,,0.0
usaco,99_silver_umbrellas_for_cows,15,2,2,10,0.0,code_agent_tool_registry; harness_side_augmentation,1,0.0,0,,,,,,,,,,14.0,0.0,0.0,,,,0.0
corebench_hard,capsule-0504157,66,2,3,17,0.3333333333333333,code_agent_tool_registry; text_action_protocol,62,0.3064516129032258,19,,,,4.0,0.75,3.0,,,,,,,,,,
corebench_hard,capsule-0851068,66,2,3,17,0.5303030303030303,code_agent_tool_registry; text_action_protocol,62,0.5,31,,,,4.0,1.0,4.0,,,,,,,,,,
corebench_hard,capsule-0921079,66,2,3,17,0.6212121212121212,code_agent_tool_registry; text_action_protocol,62,0.5967741935483871,37,,,,4.0,1.0,4.0,,,,,,,,,,
corebench_hard,capsule-1175539,66,2,3,17,0.6666666666666666,code_agent_tool_registry; text_action_protocol,62,0.6451612903225806,40,,,,4.0,1.0,4.0,,,,,,,,,,
corebench_hard,capsule-1394704,66,2,3,17,0.06060606060606061,code_agent_tool_registry; text_action_protocol,62,0.04838709677419355,3,,,,4.0,0.25,1.0,,,,,,,,,,
corebench_hard,capsule-1624349,66,2,3,17,0.24242424242424243,code_agent_tool_registry; text_action_protocol,62,0.1935483870967742,12,,,,4.0,1.0,4.0,,,,,,,,,,
corebench_hard,capsule-1724988,66,2,3,17,0.5,code_agent_tool_registry; text_action_protocol,62,0.4838709677419355,30,,,,4.0,0.75,3.0,,,,,,,,,,
corebench_hard,capsule-1900704,66,2,3,17,0.22727272727272727,code_agent_tool_registry; text_action_protocol,62,0.24193548387096775,15,,,,4.0,0.0,0.0,,,,,,,,,,
corebench_hard,capsule-2345790,66,2,3,17,0.10606060606060606,code_agent_tool_registry; text_action_protocol,62,0.0967741935483871,6,,,,4.0,0.25,1.0,,,,,,,,,,
corebench_hard,capsule-2414499,66,2,3,17,0.696969696969697,code_agent_tool_registry; text_action_protocol,62,0.6774193548387096,42,,,,4.0,1.0,4.0,,,,,,,,,,
corebench_hard,capsule-2708693,66,2,3,17,0.13636363636363635,code_agent_tool_registry; text_action_protocol,62,0.0967741935483871,6,,,,4.0,0.75,3.0,,,,,,,,,,
corebench_hard,capsule-2804717,66,2,3,17,0.10606060606060606,code_agent_tool_registry; text_action_protocol,62,0.08064516129032258,5,,,,4.0,0.5,2.0,,,,,,,,,,
corebench_hard,capsule-2816027,66,2,3,17,0.24242424242424243,code_agent_tool_registry; text_action_protocol,62,0.1935483870967742,12,,,,4.0,1.0,4.0,,,,,,,,,,
corebench_hard,capsule-3262218,66,2,3,17,0.24242424242424243,code_agent_tool_registry; text_action_protocol,62,0.22580645161290322,14,,,,4.0,0.5,2.0,,,,,,,,,,
corebench_hard,capsule-3301293,66,2,3,17,0.3181818181818182,code_agent_tool_registry; text_action_protocol,62,0.27419354838709675,17,,,,4.0,1.0,4.0,,,,,,,,,,
corebench_hard,capsule-3418007,66,2,3,17,0.10606060606060606,code_agent_tool_registry; text_action_protocol,62,0.08064516129032258,5,,,,4.0,0.5,2.0,,,,,,,,,,
corebench_hard,capsule-3449234,66,2,3,17,0.030303030303030304,code_agent_tool_registry; text_action_protocol,62,0.0,0,,,,4.0,0.5,2.0,,,,,,,,,,
corebench_hard,capsule-3593259,66,2,3,17,0.48484848484848486,code_agent_tool_registry; text_action_protocol,62,0.45161290322580644,28,,,,4.0,1.0,4.0,,,,,,,,,,
corebench_hard,capsule-3639589,66,2,3,17,0.3333333333333333,code_agent_tool_registry; text_action_protocol,62,0.3225806451612903,20,,,,4.0,0.5,2.0,,,,,,,,,,
corebench_hard,capsule-3821950,66,2,3,17,0.0,code_agent_tool_registry; text_action_protocol,62,0.0,0,,,,4.0,0.0,0.0,,,,,,,,,,
corebench_hard,capsule-3849634,66,2,3,17,0.5303030303030303,code_agent_tool_registry; text_action_protocol,62,0.5,31,,,,4.0,1.0,4.0,,,,,,,,,,
corebench_hard,capsule-4180912,66,2,3,17,0.6060606060606061,code_agent_tool_registry; text_action_protocol,62,0.5967741935483871,37,,,,4.0,0.75,3.0,,,,,,,,,,
corebench_hard,capsule-4252248,66,2,3,17,0.015151515151515152,code_agent_tool_registry; text_action_protocol,62,0.0,0,,,,4.0,0.25,1.0,,,,,,,,,,
corebench_hard,capsule-4299879,66,2,3,17,0.06060606060606061,code_agent_tool_registry; text_action_protocol,62,0.06451612903225806,4,,,,4.0,0.0,0.0,,,,,,,,,,
corebench_hard,capsule-4671827,66,2,3,17,0.24242424242424243,code_agent_tool_registry; text_action_protocol,62,0.20967741935483872,13,,,,4.0,0.75,3.0,,,,,,,,,,
corebench_hard,capsule-4728591,66,2,3,17,0.2878787878787879,code_agent_tool_registry; text_action_protocol,62,0.27419354838709675,17,,,,4.0,0.5,2.0,,,,,,,,,,
corebench_hard,capsule-4933686,66,2,3,17,0.06060606060606061,code_agent_tool_registry; text_action_protocol,62,0.04838709677419355,3,,,,4.0,0.25,1.0,,,,,,,,,,
corebench_hard,capsule-5136217,66,2,3,17,0.045454545454545456,code_agent_tool_registry; text_action_protocol,62,0.03225806451612903,2,,,,4.0,0.25,1.0,,,,,,,,,,
corebench_hard,capsule-5507257,66,2,3,17,0.015151515151515152,code_agent_tool_registry; text_action_protocol,62,0.016129032258064516,1,,,,4.0,0.0,0.0,,,,,,,,,,
corebench_hard,capsule-6003668,66,2,3,17,0.4696969696969697,code_agent_tool_registry; text_action_protocol,62,0.43548387096774194,27,,,,4.0,1.0,4.0,,,,,,,,,,
corebench_hard,capsule-6049678,66,2,3,17,0.4393939393939394,code_agent_tool_registry; text_action_protocol,62,0.4032258064516129,25,,,,4.0,1.0,4.0,,,,,,,,,,
corebench_hard,capsule-7186268,66,2,3,17,0.18181818181818182,code_agent_tool_registry; text_action_protocol,62,0.12903225806451613,8,,,,4.0,1.0,4.0,,,,,,,,,,
corebench_hard,capsule-7716865,66,2,3,17,0.015151515151515152,code_agent_tool_registry; text_action_protocol,62,0.0,0,,,,4.0,0.25,1.0,,,,,,,,,,
corebench_hard,capsule-8234136,66,2,3,17,0.15151515151515152,code_agent_tool_registry; text_action_protocol,62,0.12903225806451613,8,,,,4.0,0.5,2.0,,,,,,,,,,
corebench_hard,capsule-8536428,66,2,3,17,0.0,code_agent_tool_registry; text_action_protocol,62,0.0,0,,,,4.0,0.0,0.0,,,,,,,,,,
corebench_hard,capsule-8807709,66,2,3,17,0.12121212121212122,code_agent_tool_registry; text_action_protocol,62,0.11290322580645161,7,,,,4.0,0.25,1.0,,,,,,,,,,
corebench_hard,capsule-9052293,66,2,3,17,0.5909090909090909,code_agent_tool_registry; text_action_protocol,62,0.5645161290322581,35,,,,4.0,1.0,4.0,,,,,,,,,,
corebench_hard,capsule-9054015,66,2,3,17,0.13636363636363635,code_agent_tool_registry; text_action_protocol,62,0.12903225806451613,8,,,,4.0,0.25,1.0,,,,,,,,,,
corebench_hard,capsule-9137200,66,2,3,17,0.22727272727272727,code_agent_tool_registry; text_action_protocol,62,0.1935483870967742,12,,,,4.0,0.75,3.0,,,,,,,,,,
corebench_hard,capsule-9240688,66,2,3,17,0.09090909090909091,code_agent_tool_registry; text_action_protocol,62,0.0967741935483871,6,,,,4.0,0.0,0.0,,,,,,,,,,
corebench_hard,capsule-9641396,66,2,3,17,0.5454545454545454,code_agent_tool_registry; text_action_protocol,62,0.5161290322580645,32,,,,4.0,1.0,4.0,,,,,,,,,,
corebench_hard,capsule-9660931,66,2,3,17,0.0,code_agent_tool_registry; text_action_protocol,62,0.0,0,,,,4.0,0.0,0.0,,,,,,,,,,
corebench_hard,capsule-9670283,66,2,3,17,0.45454545454545453,code_agent_tool_registry; text_action_protocol,62,0.41935483870967744,26,,,,4.0,1.0,4.0,,,,,,,,,,
corebench_hard,capsule-9832712,66,2,3,17,0.10606060606060606,code_agent_tool_registry; text_action_protocol,62,0.06451612903225806,4,,,,4.0,0.75,3.0,,,,,,,,,,
corebench_hard,capsule-9911222,66,2,3,17,0.045454545454545456,code_agent_tool_registry; text_action_protocol,62,0.04838709677419355,3,,,,4.0,0.0,0.0,,,,,,,,,,
taubench_airline,1,47,2,3,12,0.7021276595744681,code_agent_tool_registry; native_tool_schema,15,0.4666666666666667,7,,,,,,,,,,,,,32.0,0.8125,26.0,
taubench_airline,11,47,2,3,12,0.425531914893617,code_agent_tool_registry; native_tool_schema,15,0.13333333333333333,2,,,,,,,,,,,,,32.0,0.5625,18.0,
taubench_airline,12,47,2,3,12,0.7872340425531915,code_agent_tool_registry; native_tool_schema,15,0.6,9,,,,,,,,,,,,,32.0,0.875,28.0,
taubench_airline,14,47,2,3,12,0.5319148936170213,code_agent_tool_registry; native_tool_schema,15,0.5333333333333333,8,,,,,,,,,,,,,32.0,0.53125,17.0,
taubench_airline,15,47,2,3,12,0.3829787234042553,code_agent_tool_registry; native_tool_schema,15,0.2,3,,,,,,,,,,,,,32.0,0.46875,15.0,
taubench_airline,16,47,2,3,12,0.2978723404255319,code_agent_tool_registry; native_tool_schema,15,0.06666666666666667,1,,,,,,,,,,,,,32.0,0.40625,13.0,
taubench_airline,17,47,2,3,12,0.2553191489361702,code_agent_tool_registry; native_tool_schema,15,0.2,3,,,,,,,,,,,,,32.0,0.28125,9.0,
taubench_airline,19,47,2,3,12,0.02127659574468085,code_agent_tool_registry; native_tool_schema,15,0.06666666666666667,1,,,,,,,,,,,,,32.0,0.0,0.0,
taubench_airline,20,47,2,3,12,0.48936170212765956,code_agent_tool_registry; native_tool_schema,15,0.13333333333333333,2,,,,,,,,,,,,,32.0,0.65625,21.0,
taubench_airline,21,47,2,3,12,0.46808510638297873,code_agent_tool_registry; native_tool_schema,15,0.4,6,,,,,,,,,,,,,32.0,0.5,16.0,
taubench_airline,22,47,2,3,12,0.14893617021276595,code_agent_tool_registry; native_tool_schema,15,0.2,3,,,,,,,,,,,,,32.0,0.125,4.0,
taubench_airline,23,47,2,3,12,0.0851063829787234,code_agent_tool_registry; native_tool_schema,15,0.13333333333333333,2,,,,,,,,,,,,,32.0,0.0625,2.0,
taubench_airline,24,47,2,3,12,0.5957446808510638,code_agent_tool_registry; native_tool_schema,15,0.6,9,,,,,,,,,,,,,32.0,0.59375,19.0,
taubench_airline,25,47,2,3,12,0.0,code_agent_tool_registry; native_tool_schema,15,0.0,0,,,,,,,,,,,,,32.0,0.0,0.0,
taubench_airline,28,47,2,3,12,0.1702127659574468,code_agent_tool_registry; native_tool_schema,15,0.13333333333333333,2,,,,,,,,,,,,,32.0,0.1875,6.0,
taubench_airline,29,47,2,3,12,0.46808510638297873,code_agent_tool_registry; native_tool_schema,15,0.3333333333333333,5,,,,,,,,,,,,,32.0,0.53125,17.0,
taubench_airline,3,47,2,3,12,0.2127659574468085,code_agent_tool_registry; native_tool_schema,15,0.13333333333333333,2,,,,,,,,,,,,,32.0,0.25,8.0,
taubench_airline,31,47,2,3,12,0.3829787234042553,code_agent_tool_registry; native_tool_schema,15,0.3333333333333333,5,,,,,,,,,,,,,32.0,0.40625,13.0,
taubench_airline,35,47,2,3,12,0.6808510638297872,code_agent_tool_registry; native_tool_schema,15,0.4,6,,,,,,,,,,,,,32.0,0.8125,26.0,
taubench_airline,36,47,2,3,12,0.6808510638297872,code_agent_tool_registry; native_tool_schema,15,0.06666666666666667,1,,,,,,,,,,,,,32.0,0.96875,31.0,
taubench_airline,37,47,2,3,12,0.6382978723404256,code_agent_tool_registry; native_tool_schema,15,0.4666666666666667,7,,,,,,,,,,,,,32.0,0.71875,23.0,
taubench_airline,38,47,2,3,12,0.7659574468085106,code_agent_tool_registry; native_tool_schema,15,0.26666666666666666,4,,,,,,,,,,,,,32.0,1.0,32.0,
taubench_airline,39,47,2,3,12,0.40425531914893614,code_agent_tool_registry; native_tool_schema,15,0.4,6,,,,,,,,,,,,,32.0,0.40625,13.0,
taubench_airline,4,47,2,3,12,0.5319148936170213,code_agent_tool_registry; native_tool_schema,15,0.4666666666666667,7,,,,,,,,,,,,,32.0,0.5625,18.0,
taubench_airline,41,47,2,3,12,0.6595744680851063,code_agent_tool_registry; native_tool_schema,15,0.4666666666666667,7,,,,,,,,,,,,,32.0,0.75,24.0,
taubench_airline,42,47,2,3,12,0.8723404255319149,code_agent_tool_registry; native_tool_schema,15,0.6,9,,,,,,,,,,,,,32.0,1.0,32.0,
taubench_airline,43,47,2,3,12,0.7659574468085106,code_agent_tool_registry; native_tool_schema,15,0.8666666666666667,13,,,,,,,,,,,,,32.0,0.71875,23.0,
taubench_airline,44,47,2,3,12,0.46808510638297873,code_agent_tool_registry; native_tool_schema,15,0.06666666666666667,1,,,,,,,,,,,,,32.0,0.65625,21.0,
taubench_airline,45,47,2,3,12,0.1276595744680851,code_agent_tool_registry; native_tool_schema,15,0.06666666666666667,1,,,,,,,,,,,,,32.0,0.15625,5.0,
taubench_airline,47,47,2,3,12,0.3617021276595745,code_agent_tool_registry; native_tool_schema,15,0.4,6,,,,,,,,,,,,,32.0,0.34375,11.0,
taubench_airline,48,47,2,3,12,0.574468085106383,code_agent_tool_registry; native_tool_schema,15,0.4666666666666667,7,,,,,,,,,,,,,32.0,0.625,20.0,
taubench_airline,49,47,2,3,12,0.723404255319149,code_agent_tool_registry; native_tool_schema,15,0.3333333333333333,5,,,,,,,,,,,,,32.0,0.90625,29.0,
taubench_airline,6,47,2,3,12,0.5319148936170213,code_agent_tool_registry; native_tool_schema,15,0.6,9,,,,,,,,,,,,,32.0,0.5,16.0,
taubench_airline,7,47,2,3,12,0.6595744680851063,code_agent_tool_registry; native_tool_schema,15,0.6,9,,,,,,,,,,,,,32.0,0.6875,22.0,
taubench_airline,8,47,2,3,12,0.10638297872340426,code_agent_tool_registry; native_tool_schema,15,0.0,0,,,,,,,,,,,,,32.0,0.15625,5.0,
taubench_airline,9,47,2,3,12,0.02127659574468085,code_agent_tool_registry; native_tool_schema,15,0.0,0,,,,,,,,,,,,,32.0,0.03125,1.0,
taubench_airline,10,46,2,3,12,0.2391304347826087,code_agent_tool_registry; native_tool_schema,15,0.06666666666666667,1,,,,,,,,,,,,,31.0,0.3225806451612903,10.0,
taubench_airline,13,46,2,3,12,0.5434782608695652,code_agent_tool_registry; native_tool_schema,14,0.5,7,,,,,,,,,,,,,32.0,0.5625,18.0,
taubench_airline,2,46,2,3,12,0.021739130434782608,code_agent_tool_registry; native_tool_schema,15,0.0,0,,,,,,,,,,,,,31.0,0.03225806451612903,1.0,
taubench_airline,26,46,2,3,12,0.2826086956521739,code_agent_tool_registry; native_tool_schema,15,0.26666666666666666,4,,,,,,,,,,,,,31.0,0.2903225806451613,9.0,
taubench_airline,27,46,2,3,12,0.30434782608695654,code_agent_tool_registry; native_tool_schema,14,0.21428571428571427,3,,,,,,,,,,,,,32.0,0.34375,11.0,
taubench_airline,30,46,2,3,12,0.43478260869565216,code_agent_tool_registry; native_tool_schema,15,0.0,0,,,,,,,,,,,,,31.0,0.6451612903225806,20.0,
taubench_airline,32,46,2,3,12,0.1956521739130435,code_agent_tool_registry; native_tool_schema,14,0.42857142857142855,6,,,,,,,,,,,,,32.0,0.09375,3.0,
taubench_airline,33,46,2,3,12,0.2391304347826087,code_agent_tool_registry; native_tool_schema,15,0.26666666666666666,4,,,,,,,,,,,,,31.0,0.22580645161290322,7.0,
taubench_airline,34,46,2,3,12,0.41304347826086957,code_agent_tool_registry; native_tool_schema,15,0.3333333333333333,5,,,,,,,,,,,,,31.0,0.45161290322580644,14.0,
taubench_airline,40,46,2,3,12,0.45652173913043476,code_agent_tool_registry; native_tool_schema,15,0.4,6,,,,,,,,,,,,,31.0,0.4838709677419355,15.0,
taubench_airline,46,46,2,3,12,0.30434782608695654,code_agent_tool_registry; native_tool_schema,15,0.8,12,,,,,,,,,,,,,31.0,0.06451612903225806,2.0,
taubench_airline,5,46,2,3,12,0.45652173913043476,code_agent_tool_registry; native_tool_schema,15,0.5333333333333333,8,,,,,,,,,,,,,31.0,0.41935483870967744,13.0,
taubench_airline,0,45,2,3,12,0.5333333333333333,code_agent_tool_registry; native_tool_schema,15,0.4,6,,,,,,,,,,,,,30.0,0.6,18.0,
taubench_airline,18,45,2,3,12,0.7333333333333333,code_agent_tool_registry; native_tool_schema,14,0.2857142857142857,4,,,,,,,,,,,,,31.0,0.9354838709677419,29.0,
swebench_verified_mini,django__django-11790,44,2,2,15,0.3409090909090909,code_agent_tool_registry; text_action_protocol,22,0.36363636363636365,8,,,,22.0,0.3181818181818182,7.0,,,,,,,,,,
swebench_verified_mini,django__django-11880,44,2,2,15,0.7272727272727273,code_agent_tool_registry; text_action_protocol,22,0.5,11,,,,22.0,0.9545454545454546,21.0,,,,,,,,,,
swebench_verified_mini,django__django-11885,44,2,2,15,0.022727272727272728,code_agent_tool_registry; text_action_protocol,22,0.0,0,,,,22.0,0.045454545454545456,1.0,,,,,,,,,,
swebench_verified_mini,django__django-11951,44,2,2,15,0.6818181818181818,code_agent_tool_registry; text_action_protocol,22,0.5,11,,,,22.0,0.8636363636363636,19.0,,,,,,,,,,
swebench_verified_mini,django__django-11964,44,2,2,15,0.20454545454545456,code_agent_tool_registry; text_action_protocol,22,0.0,0,,,,22.0,0.4090909090909091,9.0,,,,,,,,,,
swebench_verified_mini,django__django-12039,44,2,2,15,0.45454545454545453,code_agent_tool_registry; text_action_protocol,22,0.2727272727272727,6,,,,22.0,0.6363636363636364,14.0,,,,,,,,,,
swebench_verified_mini,django__django-12050,44,2,2,15,0.7045454545454546,code_agent_tool_registry; text_action_protocol,22,0.4090909090909091,9,,,,22.0,1.0,22.0,,,,,,,,,,
swebench_verified_mini,django__django-12193,44,2,2,15,0.22727272727272727,code_agent_tool_registry; text_action_protocol,22,0.2727272727272727,6,,,,22.0,0.18181818181818182,4.0,,,,,,,,,,
swebench_verified_mini,django__django-12209,44,2,2,15,0.5454545454545454,code_agent_tool_registry; text_action_protocol,22,0.3181818181818182,7,,,,22.0,0.7727272727272727,17.0,,,,,,,,,,
swebench_verified_mini,django__django-12262,44,2,2,15,0.5909090909090909,code_agent_tool_registry; text_action_protocol,22,0.4090909090909091,9,,,,22.0,0.7727272727272727,17.0,,,,,,,,,,
swebench_verified_mini,django__django-12276,44,2,2,15,0.6818181818181818,code_agent_tool_registry; text_action_protocol,22,0.5909090909090909,13,,,,22.0,0.7727272727272727,17.0,,,,,,,,,,
swebench_verified_mini,django__django-12304,44,2,2,15,0.38636363636363635,code_agent_tool_registry; text_action_protocol,22,0.09090909090909091,2,,,,22.0,0.6818181818181818,15.0,,,,,,,,,,
swebench_verified_mini,django__django-12774,44,2,2,15,0.45454545454545453,code_agent_tool_registry; text_action_protocol,22,0.2727272727272727,6,,,,22.0,0.6363636363636364,14.0,,,,,,,,,,
swebench_verified_mini,django__django-9296,44,2,2,15,0.8181818181818182,code_agent_tool_registry; text_action_protocol,22,0.6363636363636364,14,,,,22.0,1.0,22.0,,,,,,,,,,
swebench_verified_mini,sphinx-doc__sphinx-8475,44,2,2,15,0.5227272727272727,code_agent_tool_registry; text_action_protocol,22,0.22727272727272727,5,,,,22.0,0.8181818181818182,18.0,,,,,,,,,,
swebench_verified_mini,sphinx-doc__sphinx-8551,44,2,2,15,0.20454545454545456,code_agent_tool_registry; text_action_protocol,22,0.09090909090909091,2,,,,22.0,0.3181818181818182,7.0,,,,,,,,,,
swebench_verified_mini,sphinx-doc__sphinx-8721,44,2,2,15,0.5909090909090909,code_agent_tool_registry; text_action_protocol,22,0.2727272727272727,6,,,,22.0,0.9090909090909091,20.0,,,,,,,,,,
swebench_verified_mini,sphinx-doc__sphinx-9367,44,2,2,15,0.6363636363636364,code_agent_tool_registry; text_action_protocol,22,0.3181818181818182,7,,,,22.0,0.9545454545454546,21.0,,,,,,,,,,
swebench_verified_mini,sphinx-doc__sphinx-9698,44,2,2,15,0.6363636363636364,code_agent_tool_registry; text_action_protocol,22,0.36363636363636365,8,,,,22.0,0.9090909090909091,20.0,,,,,,,,,,
swebench_verified_mini,django__django-11848,43,2,2,15,0.3023255813953488,code_agent_tool_registry; text_action_protocol,22,0.18181818181818182,4,,,,21.0,0.42857142857142855,9.0,,,,,,,,,,
swebench_verified_mini,django__django-11999,43,2,2,15,0.6046511627906976,code_agent_tool_registry; text_action_protocol,22,0.4090909090909091,9,,,,21.0,0.8095238095238095,17.0,,,,,,,,,,
swebench_verified_mini,django__django-12155,43,2,2,15,0.627906976744186,code_agent_tool_registry; text_action_protocol,22,0.3181818181818182,7,,,,21.0,0.9523809523809523,20.0,,,,,,,,,,
swebench_verified_mini,django__django-12308,43,2,2,15,0.13953488372093023,code_agent_tool_registry; text_action_protocol,22,0.045454545454545456,1,,,,21.0,0.23809523809523808,5.0,,,,,,,,,,
swebench_verified_mini,django__django-12325,43,2,2,15,0.11627906976744186,code_agent_tool_registry; text_action_protocol,22,0.045454545454545456,1,,,,21.0,0.19047619047619047,4.0,,,,,,,,,,
swebench_verified_mini,django__django-12406,43,2,2,15,0.0,code_agent_tool_registry; text_action_protocol,22,0.0,0,,,,21.0,0.0,0.0,,,,,,,,,,
swebench_verified_mini,django__django-12708,43,2,2,15,0.4883720930232558,code_agent_tool_registry; text_action_protocol,22,0.18181818181818182,4,,,,21.0,0.8095238095238095,17.0,,,,,,,,,,
swebench_verified_mini,django__django-12713,43,2,2,15,0.6046511627906976,code_agent_tool_registry; text_action_protocol,22,0.36363636363636365,8,,,,21.0,0.8571428571428571,18.0,,,,,,,,,,
swebench_verified_mini,sphinx-doc__sphinx-10466,43,2,2,15,0.5348837209302325,code_agent_tool_registry; text_action_protocol,22,0.18181818181818182,4,,,,21.0,0.9047619047619048,19.0,,,,,,,,,,
swebench_verified_mini,sphinx-doc__sphinx-7590,43,2,2,15,0.0,code_agent_tool_registry; text_action_protocol,22,0.0,0,,,,21.0,0.0,0.0,,,,,,,,,,
swebench_verified_mini,sphinx-doc__sphinx-7748,43,2,2,15,0.0,code_agent_tool_registry; text_action_protocol,22,0.0,0,,,,21.0,0.0,0.0,,,,,,,,,,
swebench_verified_mini,sphinx-doc__sphinx-7757,43,2,2,15,0.4186046511627907,code_agent_tool_registry; text_action_protocol,22,0.13636363636363635,3,,,,21.0,0.7142857142857143,15.0,,,,,,,,,,
swebench_verified_mini,sphinx-doc__sphinx-8548,43,2,2,15,0.06976744186046512,code_agent_tool_registry; text_action_protocol,22,0.0,0,,,,21.0,0.14285714285714285,3.0,,,,,,,,,,
swebench_verified_mini,sphinx-doc__sphinx-9230,43,2,2,15,0.3488372093023256,code_agent_tool_registry; text_action_protocol,22,0.13636363636363635,3,,,,21.0,0.5714285714285714,12.0,,,,,,,,,,
swebench_verified_mini,sphinx-doc__sphinx-9320,43,2,2,15,0.5813953488372093,code_agent_tool_registry; text_action_protocol,22,0.3181818181818182,7,,,,21.0,0.8571428571428571,18.0,,,,,,,,,,
swebench_verified_mini,django__django-11815,42,2,2,15,0.5,code_agent_tool_registry; text_action_protocol,22,0.36363636363636365,8,,,,20.0,0.65,13.0,,,,,,,,,,
swebench_verified_mini,django__django-12143,42,2,2,15,0.6428571428571429,code_agent_tool_registry; text_action_protocol,22,0.36363636363636365,8,,,,20.0,0.95,19.0,,,,,,,,,,
swebench_verified_mini,sphinx-doc__sphinx-10323,42,2,2,15,0.30952380952380953,code_agent_tool_registry; text_action_protocol,22,0.22727272727272727,5,,,,20.0,0.4,8.0,,,,,,,,,,
swebench_verified_mini,sphinx-doc__sphinx-10435,42,2,2,15,0.047619047619047616,code_agent_tool_registry; text_action_protocol,22,0.0,0,,,,20.0,0.1,2.0,,,,,,,,,,
swebench_verified_mini,sphinx-doc__sphinx-10673,42,2,2,15,0.2857142857142857,code_agent_tool_registry; text_action_protocol,22,0.13636363636363635,3,,,,20.0,0.45,9.0,,,,,,,,,,
swebench_verified_mini,sphinx-doc__sphinx-11510,42,2,2,15,0.023809523809523808,code_agent_tool_registry; text_action_protocol,22,0.0,0,,,,20.0,0.05,1.0,,,,,,,,,,
swebench_verified_mini,sphinx-doc__sphinx-7985,42,2,2,15,0.023809523809523808,code_agent_tool_registry; text_action_protocol,22,0.0,0,,,,20.0,0.05,1.0,,,,,,,,,,
swebench_verified_mini,sphinx-doc__sphinx-8035,42,2,2,15,0.38095238095238093,code_agent_tool_registry; text_action_protocol,22,0.18181818181818182,4,,,,20.0,0.6,12.0,,,,,,,,,,
swebench_verified_mini,sphinx-doc__sphinx-8056,42,2,2,15,0.0,code_agent_tool_registry; text_action_protocol,22,0.0,0,,,,20.0,0.0,0.0,,,,,,,,,,
swebench_verified_mini,sphinx-doc__sphinx-8269,42,2,2,15,0.5714285714285714,code_agent_tool_registry; text_action_protocol,22,0.2727272727272727,6,,,,20.0,0.9,18.0,,,,,,,,,,
swebench_verified_mini,sphinx-doc__sphinx-9229,42,2,2,15,0.0,code_agent_tool_registry; text_action_protocol,22,0.0,0,,,,20.0,0.0,0.0,,,,,,,,,,
swebench_verified_mini,sphinx-doc__sphinx-9281,42,2,2,15,0.40476190476190477,code_agent_tool_registry; text_action_protocol,22,0.3181818181818182,7,,,,20.0,0.5,10.0,,,,,,,,,,
swebench_verified_mini,django__django-12273,41,2,2,15,0.024390243902439025,code_agent_tool_registry; text_action_protocol,22,0.0,0,,,,19.0,0.05263157894736842,1.0,,,,,,,,,,
swebench_verified_mini,sphinx-doc__sphinx-8265,41,2,2,15,0.07317073170731707,code_agent_tool_registry; text_action_protocol,22,0.0,0,,,,19.0,0.15789473684210525,3.0,,,,,,,,,,
swebench_verified_mini,sphinx-doc__sphinx-8638,40,2,2,15,0.125,code_agent_tool_registry; text_action_protocol,22,0.045454545454545456,1,,,,18.0,0.2222222222222222,4.0,,,,,,,,,,
swebench_verified_mini,sphinx-doc__sphinx-9461,40,2,2,15,0.05,code_agent_tool_registry; text_action_protocol,21,0.0,0,,,,19.0,0.10526315789473684,2.0,,,,,,,,,,
scicode,11,38,2,3,11,0.0,code_agent_tool_registry; no_explicit_tools,28,0.0,0,,,,,,,10.0,0.0,0.0,,,,,,,
scicode,12,38,2,3,11,0.0,code_agent_tool_registry; no_explicit_tools,28,0.0,0,,,,,,,10.0,0.0,0.0,,,,,,,
scicode,13,38,2,3,11,0.0,code_agent_tool_registry; no_explicit_tools,28,0.0,0,,,,,,,10.0,0.0,0.0,,,,,,,
scicode,14,38,2,3,11,0.07894736842105263,code_agent_tool_registry; no_explicit_tools,28,0.07142857142857142,2,,,,,,,10.0,0.1,1.0,,,,,,,
scicode,15,38,2,3,11,0.05263157894736842,code_agent_tool_registry; no_explicit_tools,28,0.03571428571428571,1,,,,,,,10.0,0.1,1.0,,,,,,,
scicode,16,38,2,3,11,0.13157894736842105,code_agent_tool_registry; no_explicit_tools,28,0.14285714285714285,4,,,,,,,10.0,0.1,1.0,,,,,,,
scicode,17,38,2,3,11,0.0,code_agent_tool_registry; no_explicit_tools,28,0.0,0,,,,,,,10.0,0.0,0.0,,,,,,,
scicode,18,38,2,3,11,0.0,code_agent_tool_registry; no_explicit_tools,28,0.0,0,,,,,,,10.0,0.0,0.0,,,,,,,
scicode,2,38,2,3,11,0.0,code_agent_tool_registry; no_explicit_tools,28,0.0,0,,,,,,,10.0,0.0,0.0,,,,,,,
scicode,20,38,2,3,11,0.2894736842105263,code_agent_tool_registry; no_explicit_tools,28,0.2857142857142857,8,,,,,,,10.0,0.3,3.0,,,,,,,
scicode,21,38,2,3,11,0.0,code_agent_tool_registry; no_explicit_tools,28,0.0,0,,,,,,,10.0,0.0,0.0,,,,,,,
scicode,22,38,2,3,11,0.0,code_agent_tool_registry; no_explicit_tools,28,0.0,0,,,,,,,10.0,0.0,0.0,,,,,,,
scicode,23,38,2,3,11,0.0,code_agent_tool_registry; no_explicit_tools,28,0.0,0,,,,,,,10.0,0.0,0.0,,,,,,,
scicode,24,38,2,3,11,0.0,code_agent_tool_registry; no_explicit_tools,28,0.0,0,,,,,,,10.0,0.0,0.0,,,,,,,
scicode,25,38,2,3,11,0.2631578947368421,code_agent_tool_registry; no_explicit_tools,28,0.25,7,,,,,,,10.0,0.3,3.0,,,,,,,
scicode,26,38,2,3,11,0.0,code_agent_tool_registry; no_explicit_tools,28,0.0,0,,,,,,,10.0,0.0,0.0,,,,,,,
scicode,27,38,2,3,11,0.0,code_agent_tool_registry; no_explicit_tools,28,0.0,0,,,,,,,10.0,0.0,0.0,,,,,,,
scicode,28,38,2,3,11,0.0,code_agent_tool_registry; no_explicit_tools,28,0.0,0,,,,,,,10.0,0.0,0.0,,,,,,,
scicode,30,38,2,3,11,0.07894736842105263,code_agent_tool_registry; no_explicit_tools,28,0.10714285714285714,3,,,,,,,10.0,0.0,0.0,,,,,,,
scicode,31,38,2,3,11,0.0,code_agent_tool_registry; no_explicit_tools,28,0.0,0,,,,,,,10.0,0.0,0.0,,,,,,,
scicode,32,38,2,3,11,0.0,code_agent_tool_registry; no_explicit_tools,28,0.0,0,,,,,,,10.0,0.0,0.0,,,,,,,
scicode,33,38,2,3,11,0.0,code_agent_tool_registry; no_explicit_tools,28,0.0,0,,,,,,,10.0,0.0,0.0,,,,,,,
scicode,34,38,2,3,11,0.0,code_agent_tool_registry; no_explicit_tools,28,0.0,0,,,,,,,10.0,0.0,0.0,,,,,,,
scicode,35,38,2,3,11,0.0,code_agent_tool_registry; no_explicit_tools,28,0.0,0,,,,,,,10.0,0.0,0.0,,,,,,,
scicode,36,38,2,3,11,0.15789473684210525,code_agent_tool_registry; no_explicit_tools,28,0.10714285714285714,3,,,,,,,10.0,0.3,3.0,,,,,,,
scicode,37,38,2,3,11,0.0,code_agent_tool_registry; no_explicit_tools,28,0.0,0,,,,,,,10.0,0.0,0.0,,,,,,,
scicode,39,38,2,3,11,0.0,code_agent_tool_registry; no_explicit_tools,28,0.0,0,,,,,,,10.0,0.0,0.0,,,,,,,
scicode,40,38,2,3,11,0.0,code_agent_tool_registry; no_explicit_tools,28,0.0,0,,,,,,,10.0,0.0,0.0,,,,,,,
scicode,41,38,2,3,11,0.0,code_agent_tool_registry; no_explicit_tools,28,0.0,0,,,,,,,10.0,0.0,0.0,,,,,,,
scicode,42,38,2,3,11,0.0,code_agent_tool_registry; no_explicit_tools,28,0.0,0,,,,,,,10.0,0.0,0.0,,,,,,,
scicode,43,38,2,3,11,0.0,code_agent_tool_registry; no_explicit_tools,28,0.0,0,,,,,,,10.0,0.0,0.0,,,,,,,
scicode,45,38,2,3,11,0.0,code_agent_tool_registry; no_explicit_tools,28,0.0,0,,,,,,,10.0,0.0,0.0,,,,,,,
scicode,46,38,2,3,11,0.0,code_agent_tool_registry; no_explicit_tools,28,0.0,0,,,,,,,10.0,0.0,0.0,,,,,,,
scicode,48,38,2,3,11,0.0,code_agent_tool_registry; no_explicit_tools,28,0.0,0,,,,,,,10.0,0.0,0.0,,,,,,,
scicode,5,38,2,3,11,0.0,code_agent_tool_registry; no_explicit_tools,28,0.0,0,,,,,,,10.0,0.0,0.0,,,,,,,
scicode,50,38,2,3,11,0.0,code_agent_tool_registry; no_explicit_tools,28,0.0,0,,,,,,,10.0,0.0,0.0,,,,,,,
scicode,52,38,2,3,11,0.0,code_agent_tool_registry; no_explicit_tools,28,0.0,0,,,,,,,10.0,0.0,0.0,,,,,,,
scicode,53,38,2,3,11,0.3157894736842105,code_agent_tool_registry; no_explicit_tools,28,0.25,7,,,,,,,10.0,0.5,5.0,,,,,,,
scicode,54,38,2,3,11,0.0,code_agent_tool_registry; no_explicit_tools,28,0.0,0,,,,,,,10.0,0.0,0.0,,,,,,,
scicode,55,38,2,3,11,0.0,code_agent_tool_registry; no_explicit_tools,28,0.0,0,,,,,,,10.0,0.0,0.0,,,,,,,
scicode,56,38,2,3,11,0.2631578947368421,code_agent_tool_registry; no_explicit_tools,28,0.21428571428571427,6,,,,,,,10.0,0.4,4.0,,,,,,,
scicode,57,38,2,3,11,0.0,code_agent_tool_registry; no_explicit_tools,28,0.0,0,,,,,,,10.0,0.0,0.0,,,,,,,
scicode,58,38,2,3,11,0.0,code_agent_tool_registry; no_explicit_tools,28,0.0,0,,,,,,,10.0,0.0,0.0,,,,,,,
scicode,59,38,2,3,11,0.0,code_agent_tool_registry; no_explicit_tools,28,0.0,0,,,,,,,10.0,0.0,0.0,,,,,,,
scicode,60,38,2,3,11,0.0,code_agent_tool_registry; no_explicit_tools,28,0.0,0,,,,,,,10.0,0.0,0.0,,,,,,,
scicode,61,38,2,3,11,0.0,code_agent_tool_registry; no_explicit_tools,28,0.0,0,,,,,,,10.0,0.0,0.0,,,,,,,
scicode,62,38,2,3,11,0.0,code_agent_tool_registry; no_explicit_tools,28,0.0,0,,,,,,,10.0,0.0,0.0,,,,,,,
scicode,63,38,2,3,11,0.0,code_agent_tool_registry; no_explicit_tools,28,0.0,0,,,,,,,10.0,0.0,0.0,,,,,,,
scicode,64,38,2,3,11,0.0,code_agent_tool_registry; no_explicit_tools,28,0.0,0,,,,,,,10.0,0.0,0.0,,,,,,,
scicode,65,38,2,3,11,0.0,code_agent_tool_registry; no_explicit_tools,28,0.0,0,,,,,,,10.0,0.0,0.0,,,,,,,
scicode,66,38,2,3,11,0.0,code_agent_tool_registry; no_explicit_tools,28,0.0,0,,,,,,,10.0,0.0,0.0,,,,,,,
scicode,67,38,2,3,11,0.0,code_agent_tool_registry; no_explicit_tools,28,0.0,0,,,,,,,10.0,0.0,0.0,,,,,,,
scicode,68,38,2,3,11,0.0,code_agent_tool_registry; no_explicit_tools,28,0.0,0,,,,,,,10.0,0.0,0.0,,,,,,,
scicode,69,38,2,3,11,0.0,code_agent_tool_registry; no_explicit_tools,28,0.0,0,,,,,,,10.0,0.0,0.0,,,,,,,
scicode,71,38,2,3,11,0.0,code_agent_tool_registry; no_explicit_tools,28,0.0,0,,,,,,,10.0,0.0,0.0,,,,,,,
scicode,72,38,2,3,11,0.0,code_agent_tool_registry; no_explicit_tools,28,0.0,0,,,,,,,10.0,0.0,0.0,,,,,,,
scicode,73,38,2,3,11,0.0,code_agent_tool_registry; no_explicit_tools,28,0.0,0,,,,,,,10.0,0.0,0.0,,,,,,,
scicode,74,38,2,3,11,0.5263157894736842,code_agent_tool_registry; no_explicit_tools,28,0.5714285714285714,16,,,,,,,10.0,0.4,4.0,,,,,,,
scicode,75,38,2,3,11,0.0,code_agent_tool_registry; no_explicit_tools,28,0.0,0,,,,,,,10.0,0.0,0.0,,,,,,,
scicode,76,38,2,3,11,0.0,code_agent_tool_registry; no_explicit_tools,28,0.0,0,,,,,,,10.0,0.0,0.0,,,,,,,
scicode,77,38,2,3,11,0.0,code_agent_tool_registry; no_explicit_tools,28,0.0,0,,,,,,,10.0,0.0,0.0,,,,,,,
scicode,79,38,2,3,11,0.0,code_agent_tool_registry; no_explicit_tools,28,0.0,0,,,,,,,10.0,0.0,0.0,,,,,,,
scicode,8,38,2,3,11,0.07894736842105263,code_agent_tool_registry; no_explicit_tools,28,0.07142857142857142,2,,,,,,,10.0,0.1,1.0,,,,,,,
scicode,80,38,2,3,11,0.0,code_agent_tool_registry; no_explicit_tools,28,0.0,0,,,,,,,10.0,0.0,0.0,,,,,,,
scicode,9,38,2,3,11,0.0,code_agent_tool_registry; no_explicit_tools,28,0.0,0,,,,,,,10.0,0.0,0.0,,,,,,,
assistantbench,0ec4371851b96837b0a81b3dd3df401415061bb532fbafeb4609f3337c358508,33,2,2,10,0.0,code_agent_tool_registry; framework_mediated_browser_control,14,0.0,0,19.0,0.0,0.0,,,,,,,,,,,,,
assistantbench,291b53e665b4dd4365cde995042db4a6f6fecef3fe3a6f4482f23d61bd673918,33,2,2,10,0.0,code_agent_tool_registry; framework_mediated_browser_control,14,0.0,0,19.0,0.0,0.0,,,,,,,,,,,,,
assistantbench,2aa5dd83fbcd0dce9a3dd4592106e5b5edf738008d932e357d477bba80e59ccf,33,2,2,10,0.0,code_agent_tool_registry; framework_mediated_browser_control,14,0.0,0,19.0,0.0,0.0,,,,,,,,,,,,,
assistantbench,2ddae3b7a208e3c25f14d82d7a1faaaa1832fbf950b4dac345e755c4c361f294,33,2,2,10,0.0,code_agent_tool_registry; framework_mediated_browser_control,14,0.0,0,19.0,0.0,0.0,,,,,,,,,,,,,
assistantbench,3af8028c2a59e28ca88baff0e6d91f2a9f170c5ef91003f1c8406755a2760ad4,33,2,2,10,0.09090909090909091,code_agent_tool_registry; framework_mediated_browser_control,14,0.14285714285714285,2,19.0,0.05263157894736842,1.0,,,,,,,,,,,,,
assistantbench,4dbedc5e1a0205e14b7ff3ba89bce3060dab15d0ada3b7e1351a6f2aa8287aec,33,2,2,10,0.0,code_agent_tool_registry; framework_mediated_browser_control,14,0.0,0,19.0,0.0,0.0,,,,,,,,,,,,,
assistantbench,4e615af6f0348597b4133cc1ec5418bb3f35328e3d95e23a275027cee97b5e09,33,2,2,10,0.0,code_agent_tool_registry; framework_mediated_browser_control,14,0.0,0,19.0,0.0,0.0,,,,,,,,,,,,,
assistantbench,52f7224e9c79431e7926afe317782711a0028750693e7456cde22ef6f4bd8bd5,33,2,2,10,0.12121212121212122,code_agent_tool_registry; framework_mediated_browser_control,14,0.2857142857142857,4,19.0,0.0,0.0,,,,,,,,,,,,,
assistantbench,557e78eceec08ca8b0da5f9fdaca6e1c7ec6140a8ce600983ee716327dab005e,33,2,2,10,0.0,code_agent_tool_registry; framework_mediated_browser_control,14,0.0,0,19.0,0.0,0.0,,,,,,,,,,,,,
assistantbench,55f4258484c5b398956133128a50462a767da211f8f72aa5ac5bbffb9bcbba1a,33,2,2,10,0.18181818181818182,code_agent_tool_registry; framework_mediated_browser_control,14,0.21428571428571427,3,19.0,0.15789473684210525,3.0,,,,,,,,,,,,,
assistantbench,57d9dc6935e8a40b02e7f8ec81768fe70e68a0c05f6866927c9fda38db38a486,33,2,2,10,0.12121212121212122,code_agent_tool_registry; framework_mediated_browser_control,14,0.0,0,19.0,0.21052631578947367,4.0,,,,,,,,,,,,,
assistantbench,6b06d186921b8b390c65aebd0d16f09f60a47d2f1288ebe36953f734e84c0a3c,33,2,2,10,0.030303030303030304,code_agent_tool_registry; framework_mediated_browser_control,14,0.07142857142857142,1,19.0,0.0,0.0,,,,,,,,,,,,,
assistantbench,6e3be83d1949fa52cba03fb1ce4b5b3bf7e37a83fd7d67694b10b2e439d90cf8,33,2,2,10,0.030303030303030304,code_agent_tool_registry; framework_mediated_browser_control,14,0.07142857142857142,1,19.0,0.0,0.0,,,,,,,,,,,,,
assistantbench,6f224e7730ed027cbac73aebb1aea7f954053082041b02b19f4ff126a0a8a208,33,2,2,10,0.09090909090909091,code_agent_tool_registry; framework_mediated_browser_control,14,0.07142857142857142,1,19.0,0.10526315789473684,2.0,,,,,,,,,,,,,
assistantbench,748899d9d70c09beb3bd48ac8a3658bdcfd2f9114fe6dc4c4b8d2f9541ef4607,33,2,2,10,0.0,code_agent_tool_registry; framework_mediated_browser_control,14,0.0,0,19.0,0.0,0.0,,,,,,,,,,,,,
assistantbench,797f7a5b65ca28b7e7156e7db1e9f117bd4a021de0cd512bfdbb0be897d89eab,33,2,2,10,0.0,code_agent_tool_registry; framework_mediated_browser_control,14,0.0,0,19.0,0.0,0.0,,,,,,,,,,,,,
assistantbench,8ad84bd6fe38481ba49e7ad1f6fbd43219a999074e5c6fc940003281f55ec65b,33,2,2,10,0.0,code_agent_tool_registry; framework_mediated_browser_control,14,0.0,0,19.0,0.0,0.0,,,,,,,,,,,,,
assistantbench,8fa42360185068216f2919935148d4e1ad28ddc18da0abd0f4bb0b6b6f84b127,33,2,2,10,0.3939393939393939,code_agent_tool_registry; framework_mediated_browser_control,14,0.6428571428571429,9,19.0,0.21052631578947367,4.0,,,,,,,,,,,,,
assistantbench,929b45f34805280d77c61d1e093e3d4e551d77ddb6ecd73552b12b1af286388d,33,2,2,10,0.0,code_agent_tool_registry; framework_mediated_browser_control,14,0.0,0,19.0,0.0,0.0,,,,,,,,,,,,,
assistantbench,99da66d8af02491f98b98c56b26c709e773b5a2ad945fb280375951ba600de09,33,2,2,10,0.06060606060606061,code_agent_tool_registry; framework_mediated_browser_control,14,0.07142857142857142,1,19.0,0.05263157894736842,1.0,,,,,,,,,,,,,
assistantbench,9baaa267c95f9d8b75741ee9169c50563d297cfa592c20deaffd30dbc5984c74,33,2,2,10,0.0,code_agent_tool_registry; framework_mediated_browser_control,14,0.0,0,19.0,0.0,0.0,,,,,,,,,,,,,
assistantbench,9bdca8677af1e25cb7b0c7992dc62670c3e58e4afcd5ae60bcaa2483556bba00,33,2,2,10,0.0,code_agent_tool_registry; framework_mediated_browser_control,14,0.0,0,19.0,0.0,0.0,,,,,,,,,,,,,
assistantbench,9e31099fffa6a3891c94934fd4fc2f3f522d51c1904ff3561f3a10e4bf245821,33,2,2,10,0.0,code_agent_tool_registry; framework_mediated_browser_control,14,0.0,0,19.0,0.0,0.0,,,,,,,,,,,,,
assistantbench,a9074997e698f912b9e751779ea19c1e92fa148404e90e0ae997acea3f9559b0,33,2,2,10,0.0,code_agent_tool_registry; framework_mediated_browser_control,14,0.0,0,19.0,0.0,0.0,,,,,,,,,,,,,
assistantbench,b36ef2d8f2643b80e74a44ce3403f674ecb2aed7fd36afeaa289061a59feef92,33,2,2,10,0.030303030303030304,code_agent_tool_registry; framework_mediated_browser_control,14,0.0,0,19.0,0.05263157894736842,1.0,,,,,,,,,,,,,
assistantbench,c7afe00869f98cf363fd83677ac41757ed5e57f03eacc3d1304feb0a92084bd1,33,2,2,10,0.030303030303030304,code_agent_tool_registry; framework_mediated_browser_control,14,0.07142857142857142,1,19.0,0.0,0.0,,,,,,,,,,,,,
assistantbench,cca4776df3c73e7f9430a2e624aafad056b14322a0b7ca6c0c22b7e7f3f0890a,33,2,2,10,0.0,code_agent_tool_registry; framework_mediated_browser_control,14,0.0,0,19.0,0.0,0.0,,,,,,,,,,,,,
assistantbench,ccec2229ced20a4b0cb4897e3a99120a3017ea030903e01c9bda6b13d40b0b14,33,2,2,10,0.06060606060606061,code_agent_tool_registry; framework_mediated_browser_control,14,0.0,0,19.0,0.10526315789473684,2.0,,,,,,,,,,,,,
assistantbench,e2dc3a6b10b762e8aba7fa4d4e70f757f6d04dcbc8b56c48fc53fd9928d31d07,33,2,2,10,0.0,code_agent_tool_registry; framework_mediated_browser_control,14,0.0,0,19.0,0.0,0.0,,,,,,,,,,,,,
assistantbench,e6bc98089608217e45b6956a46518fe3cce64a799b3ac43c6974c449ae14c408,33,2,2,10,0.0,code_agent_tool_registry; framework_mediated_browser_control,14,0.0,0,19.0,0.0,0.0,,,,,,,,,,,,,
assistantbench,efc0f3a47e9ed2ecdbcc037c2093865fe6e39f4d413a5d1ccdc7357160a4606b,33,2,2,10,0.0,code_agent_tool_registry; framework_mediated_browser_control,14,0.0,0,19.0,0.0,0.0,,,,,,,,,,,,,
assistantbench,f88066d274e265edd6cd9d61cd80a41accb3a14baf2297652fdd05cdf716d455,33,2,2,10,0.0,code_agent_tool_registry; framework_mediated_browser_control,14,0.0,0,19.0,0.0,0.0,,,,,,,,,,,,,
assistantbench,fb9ba3ab6a13d0adc677f993e90d54914a5cdf211305a1bba6bf16ec4ccb9b7c,33,2,2,10,0.0,code_agent_tool_registry; framework_mediated_browser_control,14,0.0,0,19.0,0.0,0.0,,,,,,,,,,,,,
